DATETIME,ENTITY_DESCRIPTION_SHORT,weather_agreeable,mins_to_event,event_soon_60,wait_trend_1,hour,dow,month,wait_per_capacity,has_downtime,ride_water,ride_flying,feels_like,wait_lag_1,y_pred,KEY
2018-10-01 10:15:00,Flying Coaster,-0.034155548665568,-0.2478753074320854,0,0.0,10,0,10,-0.5999855291587738,0,0,1,0.2047444977694517,0.027394109169165,20.510782,Validation
2018-10-02 14:30:00,Flying Coaster,0.7253779361263473,0.1455255990982978,0,0.6216611701134117,14,1,10,-0.5999707394374746,0,0,1,0.7175492982854227,-1.2569244278787803,12.22086,Validation
2018-10-02 17:00:00,Water Ride,1.0068000789563654,-0.7623226467410483,1,0.0,17,1,10,-0.1984832490713295,0,1,0,0.8935003810809704,0.027394109169165,17.955606,Validation
2018-10-02 17:00:00,Pirate Ship,1.0068000789563654,-0.7623226467410483,1,0.0,17,1,10,0.6690209944057149,0,0,0,0.8935003810809704,0.6695533776931377,32.510082,Validation
2018-10-04 13:15:00,Pirate Ship,2.014074390439778,0.599449722017971,0,2.486644680453647,13,3,10,1.811042968324173,0,0,0,1.314085206184363,0.027394109169165,27.346466,Validation
2018-10-04 15:15:00,Flying Coaster,2.3636826096023205,-0.1268288746535059,0,2.486644680453647,15,3,10,-0.376290994508836,0,0,1,1.5911309900598083,-0.935844793616794,18.902346,Validation
2018-10-05 09:30:00,Pirate Ship,0.0037028140703335,0.0244791663197183,0,-3.72996702068047,9,4,10,0.9441057243306834,0,0,0,0.1827506124200082,1.3117126462171105,34.477074,Validation
2018-10-06 12:30:00,Pirate Ship,2.3257156338005864,0.8718041957697747,0,4.973289360907294,12,5,10,3.946872429092495,0,0,0,1.6629005106737818,-0.6147651593548076,45.811638,Validation
2018-10-06 12:30:00,Water Ride,2.3257156338005864,0.8718041957697747,0,2.486644680453647,12,5,10,0.6059429343847219,0,1,0,1.6629005106737818,-0.6147651593548076,26.200172,Validation
2018-10-06 16:30:00,Flying Coaster,2.447491344417279,-0.5807529975731791,1,2.486644680453647,16,5,10,-0.1283015891977377,0,0,1,1.9870209263497909,0.3484737434311514,40.04959,Validation
2018-10-06 16:30:00,Pirate Ship,2.447491344417279,-0.5807529975731791,1,1.864983510340235,16,5,10,1.3977221500080523,0,0,0,1.9870209263497909,1.953871914741083,49.48808,Validation
2018-10-06 19:45:00,Pirate Ship,2.1815663123502844,-0.1268288746535059,0,-2.486644680453647,19,5,10,2.0498526007132236,0,0,0,1.4028324628575557,2.9171108175270417,26.99348,Validation
2018-10-07 11:30:00,Pirate Ship,0.4497817236873557,-0.7017994303517585,1,-3.72996702068047,11,6,10,-0.1054131391856101,0,0,0,0.5585759515490947,1.6327922804790966,28.791245,Validation
2018-10-07 11:30:00,Water Ride,0.4497817236873557,-0.7017994303517585,1,-0.6216611701134117,11,6,10,0.4176924277723624,0,1,0,0.5585759515490947,0.6695533776931377,29.681107,Validation
2018-10-07 11:30:00,Flying Coaster,0.4497817236873557,-0.7017994303517585,1,-3.108305850567058,11,6,10,-0.4322109307409956,0,0,1,0.5585759515490947,1.6327922804790966,26.511187,Validation
2018-10-07 14:15:00,Pirate Ship,0.3934005002445646,0.2363104236822324,0,-0.6216611701134117,14,6,10,0.1403438479934546,0,0,0,0.5103437468354028,-0.2936855250928212,25.8109,Validation
2018-10-07 16:30:00,Water Ride,0.5740184107820825,-0.5807529975731791,1,-0.6216611701134117,16,6,10,6.327220028276927,1,1,0,0.6396060554680969,0.3484737434311514,23.259392,Validation
2018-10-08 11:15:00,Flying Coaster,0.4658870321114801,-0.611014605767824,1,-1.864983510340235,11,0,10,-0.5999707394374746,0,0,1,0.4922084378630548,0.027394109169165,17.242132,Validation
2018-10-08 11:15:00,Water Ride,0.4658870321114801,-0.611014605767824,1,-1.2433223402268234,11,0,10,-0.1470590920647157,0,1,0,0.4922084378630548,0.027394109169165,23.311464,Validation
2018-10-08 15:30:00,Flying Coaster,1.7917050483665675,-0.2176136992374406,0,0.6216611701134117,15,0,10,-0.5440508032053151,0,0,1,1.1782633177106066,-0.935844793616794,11.037397,Validation
2018-10-08 15:30:00,Water Ride,1.7917050483665675,-0.2176136992374406,0,0.0,15,0,10,-0.1470590920647157,0,1,0,1.1782633177106066,-0.6147651593548076,12.670907,Validation
2018-10-08 15:30:00,Pirate Ship,1.7917050483665675,-0.2176136992374406,0,0.6216611701134117,15,0,10,-0.1090869656418379,0,0,0,1.1782633177106066,-0.6147651593548076,28.267326,Validation
2018-10-09 12:45:00,Flying Coaster,2.153291945887479,0.7810193711858402,0,0.0,12,1,10,-0.5440508032053151,0,0,1,1.4313859280480612,-0.6147651593548076,17.98959,Validation
2018-10-10 14:15:00,Flying Coaster,2.435434686749643,0.2363104236822324,0,1.2433223402268234,14,2,10,-0.4322109307409956,0,0,1,2.223551658265735,-0.6147651593548076,23.340967,Validation
2018-10-10 14:15:00,Pirate Ship,2.435434686749643,0.2363104236822324,0,-0.6216611701134117,14,2,10,-0.2456467333446173,0,0,0,2.223551658265735,-0.2936855250928212,28.13626,Validation
2018-10-10 14:15:00,Water Ride,2.435434686749643,0.2363104236822324,0,0.6216611701134117,14,2,10,0.0411914145476435,0,1,0,2.223551658265735,-0.6147651593548076,20.925373,Validation
2018-10-11 09:45:00,Pirate Ship,1.7529044130645914,-0.0663056582642162,0,0.6216611701134117,9,3,10,0.3928546731442132,0,0,0,1.278200445877376,-0.6147651593548076,26.82619,Validation
2018-10-12 15:30:00,Water Ride,2.0665359533841645,-0.2176136992374406,0,0.6216611701134117,15,4,10,0.229441921160003,0,1,0,2.4037471750760875,-0.2936855250928212,22.254044,Validation
2018-10-12 15:30:00,Pirate Ship,2.0665359533841645,-0.2176136992374406,0,0.0,15,4,10,-0.0902587738255585,0,0,0,2.4037471750760875,-0.2936855250928212,28.227274,Validation
2018-10-13 17:15:00,Pirate Ship,1.950347946231357,-0.8531074713249829,1,3.108305850567058,17,5,10,0.6443175921831071,0,0,0,2.55075893504342,-0.2936855250928212,30.922594,Validation
2018-10-14 11:15:00,Pirate Ship,2.1434494970599673,-0.611014605767824,1,-2.486644680453647,11,6,10,0.0867498959520799,0,0,0,1.7053448508218307,1.3117126462171105,32.514557,Validation
2018-10-14 14:30:00,Flying Coaster,2.0500894742875175,0.1455255990982978,0,1.2433223402268234,14,6,10,-0.3203710582766763,0,0,1,2.358987689101782,0.027394109169165,30.766428,Validation
2018-10-16 11:00:00,Flying Coaster,2.390666009724029,-0.5202297811838893,0,-3.108305850567058,11,1,10,-0.5999707394374746,0,0,1,1.702257989720154,0.6695533776931377,19.193613,Validation
2018-10-16 16:15:00,Pirate Ship,2.271072536777627,-0.4899681729892444,0,2.486644680453647,16,1,10,0.6443175921831071,0,0,0,2.3856118661037393,0.027394109169165,32.34981,Validation
2018-10-16 16:15:00,Flying Coaster,2.271072536777627,-0.4899681729892444,0,1.864983510340235,16,1,10,-0.4322109307409956,0,0,1,2.3856118661037393,-0.935844793616794,20.96975,Validation
2018-10-18 11:15:00,Pirate Ship,1.0368465370446225,-0.611014605767824,1,-2.486644680453647,11,3,10,0.6977179275038694,0,0,0,0.9108639747778996,1.3117126462171105,28.905308,Validation
2018-10-18 13:15:00,Flying Coaster,1.971146566352122,0.599449722017971,0,-1.864983510340235,13,3,10,-0.5999707394374746,0,0,1,1.41595162253968,0.027394109169165,15.625717,Validation
2018-10-18 13:15:00,Pirate Ship,1.971146566352122,0.599449722017971,0,-1.2433223402268234,13,3,10,-0.2597678772068269,0,0,0,1.41595162253968,0.027394109169165,19.807415,Validation
2018-10-19 12:15:00,Flying Coaster,0.6837249333348033,0.9625890203537094,0,-0.6216611701134117,12,4,10,-0.4323587693034071,1,0,1,0.6689312359340215,-0.935844793616794,17.473297,Validation
2018-10-21 10:45:00,Flying Coaster,-0.3670269522992797,-0.4294449565999547,0,3.108305850567058,10,6,10,-0.376290994508836,0,0,1,-0.070371997917446,-1.2569244278787803,40.7024,Validation
2018-10-21 10:45:00,Pirate Ship,-0.3670269522992797,-0.4294449565999547,0,1.864983510340235,10,6,10,0.2505808247856699,0,0,0,-0.070371997917446,-0.6147651593548076,38.626373,Validation
2018-10-21 15:15:00,Water Ride,1.833239670899952,-0.1268288746535059,0,0.6216611701134117,15,6,10,0.4176924277723624,0,1,0,1.1778774600728974,0.027394109169165,29.25126,Validation
2018-10-21 15:15:00,Pirate Ship,1.833239670899952,-0.1268288746535059,0,2.486644680453647,15,6,10,0.9184598251576208,0,0,0,1.1778774600728974,0.3484737434311514,38.895844,Validation
2018-10-21 18:00:00,Pirate Ship,1.637899189471711,0.5086648974340363,0,1.2433223402268234,18,6,10,1.2445139125695035,0,0,0,1.0509302972664605,1.6327922804790966,31.7301,Validation
2018-10-21 18:00:00,Flying Coaster,1.637899189471711,0.5086648974340363,0,0.6216611701134117,18,6,10,-0.3203710582766763,0,0,1,1.0509302972664605,0.3484737434311514,14.44605,Validation
2018-10-21 20:00:00,Flying Coaster,0.6331256020666349,-0.2176136992374406,0,-2.486644680453647,20,6,10,-0.5440508032053151,0,0,1,0.5601193820999327,0.6695533776931377,3.8199873,Validation
2018-10-21 20:00:00,Pirate Ship,0.6331256020666349,-0.2176136992374406,0,0.0,20,6,10,2.6968072276792,0,0,0,0.5601193820999327,2.274951549003069,10.517584,Validation
2018-10-22 10:30:00,Flying Coaster,0.3311153529630143,-0.3386601320160201,0,3.108305850567058,10,0,10,-0.1956370878958618,0,0,1,0.5068710280960169,-0.6147651593548076,40.976917,Validation
2018-10-22 10:30:00,Water Ride,0.3311153529630143,-0.3386601320160201,0,-1.2433223402268234,10,0,10,0.0411914145476435,0,1,0,0.5068710280960169,0.3484737434311514,30.643389,Validation
2018-10-22 10:30:00,Pirate Ship,0.3311153529630143,-0.3386601320160201,0,-1.864983510340235,10,0,10,0.9455481601636384,0,0,0,0.5068710280960169,2.274951549003069,37.954914,Validation
2018-10-22 13:45:00,Pirate Ship,0.6141935260348081,0.4178800728501017,0,0.0,13,0,10,0.8312939058038965,0,0,0,0.6727898123111169,1.3117126462171105,44.346966,Validation
2018-10-22 13:45:00,Flying Coaster,0.6141935260348081,0.4178800728501017,0,0.0,13,0,10,-0.2644511220445166,0,0,1,0.6727898123111169,0.990633011955124,45.75452,Validation
2018-10-22 17:15:00,Water Ride,0.6808083137068388,-0.8531074713249829,1,0.6216611701134117,17,0,10,0.3342325297393719,0,1,0,0.6766483886882122,-0.2936855250928212,23.753473,Validation
2018-10-23 14:00:00,Water Ride,1.196368661586876,0.3270952482661671,0,0.0,14,1,10,0.3342325297393719,0,1,0,0.8595449089625313,0.027394109169165,26.375238,Validation
2018-10-23 14:00:00,Pirate Ship,1.196368661586876,0.3270952482661671,0,1.864983510340235,14,1,10,1.6279300633190086,0,0,0,0.8595449089625313,1.3117126462171105,47.05229,Validation
2018-10-23 17:00:00,Flying Coaster,1.5990034510902935,-0.7623226467410483,1,1.2433223402268234,17,1,10,-0.1526112495801973,0,0,1,1.0787120471815468,0.990633011955124,36.914474,Validation
2018-10-23 17:00:00,Water Ride,1.5990034510902935,-0.7623226467410483,1,0.0,17,1,10,0.3342325297393719,0,1,0,1.0787120471815468,0.027394109169165,24.442345,Validation
2018-10-24 11:00:00,Water Ride,0.5260461138472318,-0.5202297811838893,0,0.0,11,2,10,0.3342325297393719,0,1,0,0.6125960208284295,0.027394109169165,31.97524,Validation
2018-10-24 14:00:00,Water Ride,1.139126791051272,0.3270952482661671,0,0.6216611701134117,14,2,10,0.5434411580676051,0,1,0,0.922825561546895,0.027394109169165,30.000002,Validation
2018-10-24 14:00:00,Pirate Ship,1.139126791051272,0.3270952482661671,0,-3.108305850567058,14,2,10,0.4483910599757107,0,0,0,0.922825561546895,2.274951549003069,41.805706,Validation
2018-10-24 17:15:00,Pirate Ship,1.3084161175509137,-0.8531074713249829,1,-0.6216611701134117,17,2,10,0.3169257332353331,0,0,0,0.9926657939723208,0.6695533776931377,29.168865,Validation
2018-10-25 16:45:00,Water Ride,1.3969056274648772,-0.6715378221571137,1,0.6216611701134117,16,3,10,0.7526497863958382,0,1,0,0.966813332245782,0.3484737434311514,29.772352,Validation
2018-10-25 16:45:00,Pirate Ship,1.3969056274648772,-0.6715378221571137,1,1.864983510340235,16,3,10,0.8051500182206827,0,0,0,0.966813332245782,0.3484737434311514,36.840485,Validation
2018-10-25 16:45:00,Flying Coaster,1.3969056274648772,-0.6715378221571137,1,-1.2433223402268234,16,3,10,-0.2644511220445166,0,0,1,0.966813332245782,1.6327922804790966,36.003014,Validation
2018-10-26 12:00:00,Water Ride,0.1089884063887787,-0.8833690795196277,1,-0.6216611701134117,12,4,10,0.5434411580676051,0,1,0,0.2807584523982299,0.6695533776931377,34.89324,Validation
2018-10-26 15:30:00,Pirate Ship,0.6618749924590052,-0.2176136992374406,0,1.864983510340235,15,4,10,1.3456620783724602,0,0,0,0.6071940139004959,1.3117126462171105,37.298283,Validation
2018-10-26 18:30:00,Flying Coaster,0.01333028279984,0.3270952482661671,0,-0.6216611701134117,18,4,10,-0.3203710582766763,0,0,1,0.2159343692630281,0.990633011955124,9.105973,Validation
2018-10-27 16:15:00,Water Ride,-0.3958128778121789,-0.4899681729892444,0,1.2433223402268234,16,5,10,0.9618584147240712,0,1,0,-0.1224627790082332,0.3484737434311514,35.296852,Validation
2018-10-27 16:15:00,Flying Coaster,-0.3958128778121789,-0.4899681729892444,0,1.864983510340235,16,5,10,-0.1526112495801973,0,0,1,-0.1224627790082332,0.6695533776931377,33.591434,Validation
2018-10-27 16:15:00,Pirate Ship,-0.3958128778121789,-0.4899681729892444,0,-2.486644680453647,16,5,10,0.6598378482810422,0,0,0,-0.1224627790082332,2.274951549003069,42.584167,Validation
2018-10-28 10:15:00,Water Ride,-0.8393247421677422,-0.2478753074320854,0,-1.2433223402268234,10,6,10,0.4176924277723624,0,1,0,-1.093666453123131,0.990633011955124,37.5711,Validation
2018-10-28 12:45:00,Flying Coaster,-0.756908633758742,0.7810193711858402,0,-1.2433223402268234,12,6,10,-0.2644511220445166,0,0,1,-0.976751588897142,1.6327922804790966,47.372837,Validation
2018-10-28 16:45:00,Pirate Ship,-0.8636645527139732,-0.6715378221571137,1,-1.2433223402268234,16,6,10,0.3638928846861116,0,0,0,-1.1812561368831953,0.990633011955124,24.820496,Validation
2018-10-28 19:00:00,Pirate Ship,-0.8816744991638208,0.1455255990982978,0,-1.864983510340235,19,6,10,-0.2089973570749329,0,0,0,-1.2348903485248204,0.3484737434311514,25.064102,Validation
2018-10-28 19:00:00,Flying Coaster,-0.8816744991638208,0.1455255990982978,0,-4.351628190793882,19,6,10,-0.6558906756696342,0,0,1,-1.2348903485248204,0.990633011955124,12.456258,Validation
2018-10-29 10:30:00,Pirate Ship,-0.9634054427959536,-0.3386601320160201,0,1.864983510340235,10,0,10,0.9451873156672168,0,0,0,-1.3614516536935477,-0.6147651593548076,43.60677,Validation
2018-10-29 10:30:00,Water Ride,-0.9634054427959536,-0.3386601320160201,0,-1.864983510340235,10,0,10,-0.1470590920647157,0,1,0,-1.3614516536935477,0.3484737434311514,35.354652,Validation
2018-10-30 13:00:00,Pirate Ship,-0.6004899654219786,0.6902345466019055,0,-0.6216611701134117,13,1,10,0.7248548242224301,0,0,0,-0.6561038919605192,0.3484737434311514,28.815006,Validation
2018-10-30 13:00:00,Flying Coaster,-0.6004899654219786,0.6902345466019055,0,2.486644680453647,13,1,10,-0.4322109307409956,0,0,1,-0.6561038919605192,-1.2569244278787803,28.454893,Validation
2018-10-30 18:30:00,Water Ride,-0.5056732659732878,0.3270952482661671,0,0.6216611701134117,18,1,10,0.0411914145476435,0,1,0,-0.416872156580608,-0.6147651593548076,15.594635,Validation
2018-10-31 10:30:00,Flying Coaster,-0.8901800606110457,-0.2478753074320854,0,-2.486644680453647,10,2,10,-0.6558906756696342,0,0,1,-0.9840828840136232,0.027394109169165,13.08576,Validation
2018-10-31 10:30:00,Pirate Ship,-0.8901800606110457,-0.2478753074320854,0,-1.2433223402268234,10,2,10,-0.1381191087113473,0,0,0,-0.9840828840136232,0.027394109169165,19.072983,Validation
2018-10-31 19:15:00,Water Ride,-0.3498056616610588,5.102377021381128,0,-2.486644680453647,19,2,10,-0.711810611901794,0,1,0,-0.1795697093892443,-0.2936855250928212,8.458873,Validation
2018-11-01 16:30:00,Flying Coaster,-0.2338859303539513,-0.5807529975731791,1,4.973289360907294,16,3,11,-0.208531185812357,0,0,1,0.1179265292848064,-1.2569244278787803,28.711521,Validation
2018-11-02 14:45:00,Pirate Ship,0.0755088410711351,0.0547407745143632,0,7.45993404136094,14,4,11,1.8600302509410236,0,0,0,0.1804354665937512,-0.6147651593548076,52.55355,Validation
2018-11-02 14:45:00,Water Ride,0.0755088410711351,0.0547407745143632,0,4.973289360907294,14,4,11,1.168915049933554,0,1,0,0.1804354665937512,-1.5780040621407665,38.621727,Validation
2018-11-02 19:45:00,Flying Coaster,-0.8608161075367522,-0.1268288746535059,0,-1.864983510340235,19,4,11,-0.376290994508836,0,0,1,-0.7703177527225412,1.3117126462171105,12.736749,Validation
2018-11-02 19:45:00,Pirate Ship,-0.8608161075367522,-0.1268288746535059,0,-3.72996702068047,19,4,11,0.8863816353313991,0,0,0,-0.7703177527225412,3.238190451789028,21.714825,Validation
2018-11-03 19:00:00,Pirate Ship,-0.8717226970908564,0.1455255990982978,0,-0.6216611701134117,19,5,11,0.6838919269102026,0,0,0,-0.7826651971292463,1.3117126462171105,14.397565,Validation
2018-11-03 19:00:00,Water Ride,-0.8717226970908564,0.1455255990982978,0,0.0,19,5,11,0.9618584147240712,0,1,0,-0.7826651971292463,0.990633011955124,8.194509,Validation
2018-11-03 19:00:00,Flying Coaster,-0.8717226970908564,0.1455255990982978,0,1.2433223402268234,19,5,11,-0.2644511220445166,0,0,1,-0.7826651971292463,0.3484737434311514,8.694743,Validation
2018-11-04 12:45:00,Water Ride,-0.0365600471094787,0.7810193711858402,0,-1.2433223402268234,12,6,11,0.5434411580676051,0,1,0,0.1615284423459839,0.990633011955124,32.881153,Validation
2018-11-04 14:45:00,Flying Coaster,0.3693933359368551,0.0547407745143632,0,-1.2433223402268234,14,6,11,-0.376290994508836,0,0,1,0.4335580769312055,0.990633011955124,27.24633,Validation
2018-11-10 13:15:00,Flying Coaster,0.0258156952889745,0.4178800728501017,0,0.0,13,5,11,-0.376290994508836,0,0,1,0.3498269695482365,0.3484737434311514,44.235813,Validation
2018-11-11 10:15:00,Flying Coaster,-0.0847290195729014,-0.368921740210665,0,-3.108305850567058,10,6,11,-0.4323587693034071,1,0,1,0.2807584523982299,0.3484737434311514,26.358414,Validation
2018-11-11 10:15:00,Water Ride,-0.0847290195729014,-0.368921740210665,0,-1.864983510340235,10,6,11,-0.1470590920647157,0,1,0,0.2807584523982299,0.3484737434311514,28.5084,Validation
2018-11-11 15:15:00,Flying Coaster,0.1377635543780593,-0.3083985238213752,0,3.72996702068047,15,6,11,-0.3203710582766763,0,0,1,0.3563865493892986,-1.2569244278787803,13.822999,Validation
2018-11-11 15:15:00,Water Ride,0.1377635543780593,-0.3083985238213752,0,1.864983510340235,15,6,11,0.4176924277723624,0,1,0,0.3563865493892986,-0.6147651593548076,21.293354,Validation
2018-11-11 19:30:00,Flying Coaster,-0.0743038488424402,-0.3991833484053098,0,-3.72996702068047,19,6,11,-0.6558906756696342,0,0,1,0.2267383831188951,0.6695533776931377,1.6368372,Validation
2018-11-12 13:45:00,Water Ride,0.0587300342075167,0.2363104236822324,0,-1.2433223402268234,13,0,11,0.0411914145476435,0,1,0,0.2985079037328685,0.3484737434311514,21.691845,Validation
2018-11-13 15:15:00,Water Ride,0.8362925241223994,-0.3083985238213752,0,0.0,15,1,11,0.0411914145476435,0,1,0,0.710603860806651,-0.2936855250928212,16.328615,Validation
2018-11-14 12:30:00,Water Ride,0.2497718960366685,0.6902345466019055,0,0.6216611701134117,12,2,11,12.049048154519978,1,1,0,0.404232896465281,-0.2936855250928212,20.37746,Validation
2018-11-14 12:30:00,Flying Coaster,0.2497718960366685,0.6902345466019055,0,4.351628190793882,12,2,11,0.2640939186264442,0,0,1,0.404232896465281,-1.2569244278787803,34.465252,Validation
2018-11-16 14:45:00,Flying Coaster,-0.8454370768696036,-0.1268288746535059,0,-1.2433223402268234,14,4,11,-0.376290994508836,0,0,1,-0.777263190201313,0.990633011955124,24.200558,Validation
2018-11-17 12:15:00,Water Ride,-0.8557602012702187,0.599449722017971,0,1.864983510340235,12,5,11,0.6570623556461113,0,1,0,-0.9655617174035656,0.027394109169165,31.17292,Validation
2018-11-17 12:15:00,Flying Coaster,-0.8557602012702187,0.599449722017971,0,1.864983510340235,12,5,11,-0.208531185812357,0,0,1,-0.9655617174035656,0.3484737434311514,39.42937,Validation
2018-11-17 16:15:00,Water Ride,-0.7101833829295777,-0.8531074713249829,1,-3.108305850567058,16,5,11,6.944704647951269,1,1,0,-0.7155259681677876,0.990633011955124,31.544645,Validation
2018-11-19 09:45:00,Water Ride,-1.070983799476961,-0.1873520910427957,0,-1.2433223402268234,9,0,11,-0.4267056639238039,0,1,0,-1.9012664888491864,-0.6147651593548076,18.451052,Validation
2018-11-20 14:15:00,Flying Coaster,-1.049860524014003,0.0547407745143632,0,-4.973289360907294,14,1,11,-0.6558906756696342,0,0,1,-1.5929662363192685,1.3117126462171105,12.865922,Validation
2018-11-20 14:15:00,Water Ride,-1.049860524014003,0.0547407745143632,0,0.6216611701134117,14,1,11,-0.3353095986770751,0,1,0,-1.5929662363192685,-1.2569244278787803,17.419476,Validation
2018-11-21 13:00:00,Flying Coaster,-0.9616658304418744,0.5086648974340363,0,0.6216611701134117,13,2,11,-0.5999707394374746,0,0,1,-0.9755940159840136,-1.2569244278787803,15.70595,Validation
2018-11-21 13:00:00,Water Ride,-0.9616658304418744,0.5086648974340363,0,0.6216611701134117,13,2,11,-0.1470590920647157,0,1,0,-0.9755940159840136,-0.935844793616794,20.27411,Validation
2018-11-23 10:15:00,Flying Coaster,-1.0368943344406396,-0.368921740210665,0,0.0,10,4,11,-0.544061896229761,0,0,1,-1.4177868687991395,-0.935844793616794,15.077292,Validation
2018-11-24 13:00:00,Water Ride,-0.6072137366115342,0.5086648974340363,0,1.864983510340235,13,5,11,0.3148441137591349,0,1,0,-0.4323064620889893,-0.6147651593548076,39.20709,Validation
2018-11-24 13:00:00,Flying Coaster,-0.6072137366115342,0.5086648974340363,0,4.351628190793882,13,5,11,-0.208531185812357,0,0,1,-0.4323064620889893,-0.935844793616794,49.513103,Validation
2018-11-24 17:15:00,Flying Coaster,-0.6418638639357529,0.7810193711858402,0,-2.486644680453647,17,5,11,-0.4322109307409956,0,0,1,-0.3748136740702688,1.3117126462171105,14.108221,Validation
2018-11-25 12:00:00,Water Ride,-0.7243871932759315,0.8718041957697747,0,-0.6216611701134117,12,6,11,0.229441921160003,0,1,0,-0.6499301697571667,0.3484737434311514,27.503027,Validation
2018-11-25 15:45:00,Flying Coaster,-0.6708021331613641,-0.4899681729892444,0,-0.6216611701134117,15,6,11,-0.4881308669731553,0,0,1,-0.6233059927552087,0.027394109169165,9.694063,Validation
2018-11-26 15:30:00,Flying Coaster,-0.857942528806937,-0.3991833484053098,0,0.6216611701134117,15,0,11,-0.4322109307409956,0,0,1,-0.8629235857728296,-0.2936855250928212,8.752858,Validation
2018-11-26 15:30:00,Water Ride,-0.857942528806937,-0.3991833484053098,0,0.0,15,0,11,0.1437349928156468,0,1,0,-0.8629235857728296,0.027394109169165,18.579351,Validation
2018-11-27 13:30:00,Flying Coaster,-0.5556762060768147,0.3270952482661671,0,-1.2433223402268234,13,1,11,-0.5440508032053151,0,0,1,-0.4022095663476456,0.027394109169165,21.961992,Validation
2018-11-27 15:30:00,Water Ride,-0.5930681308516367,-0.3991833484053098,0,-1.2433223402268234,15,1,11,-0.1984832490713295,0,1,0,-0.4554579203515614,0.027394109169165,20.635866,Validation
2018-11-29 10:00:00,Water Ride,-0.2532763610392659,-0.2781369156267303,0,-1.2433223402268234,10,3,11,-0.5407014909583058,0,1,0,0.1572840083311791,-0.6147651593548076,16.77813,Validation
2018-11-29 10:00:00,Flying Coaster,-0.2532763610392659,-0.2781369156267303,0,-1.2433223402268234,10,3,11,-0.6069728638602965,1,0,1,0.1572840083311791,-0.6147651593548076,12.68223,Validation
2018-11-29 12:30:00,Flying Coaster,0.1530473860124016,0.6902345466019055,0,0.0,12,3,11,-0.6558906756696342,0,0,1,0.4482206671641676,-1.2569244278787803,11.600123,Validation
2018-12-01 11:00:00,Water Ride,-0.7658859973772991,-0.6412762139624688,1,4.973289360907294,11,5,12,1.1710670430523045,0,1,0,-0.8536630024678008,-1.2569244278787803,35.23312,Validation
2018-12-01 11:00:00,Flying Coaster,-0.7658859973772991,-0.6412762139624688,1,4.973289360907294,11,5,12,-0.208531185812357,0,0,1,-0.8536630024678008,-1.2569244278787803,41.978176,Validation
2018-12-01 17:45:00,Flying Coaster,-0.4341126832602676,0.599449722017971,0,-1.864983510340235,17,5,12,-0.376290994508836,0,0,1,-0.0298569459579453,1.3117126462171105,10.401481,Validation
2018-12-02 17:15:00,Flying Coaster,0.7655419355760513,0.4178800728501017,0,-1.2433223402268234,17,6,12,-0.4881308669731553,0,0,1,0.8244318639309638,0.3484737434311514,6.4442444,Validation
2018-12-03 09:30:00,Flying Coaster,0.5787422128598875,-0.0965672664588611,0,-1.864983510340235,9,0,12,-0.2927713276090692,0,0,1,0.7183210135608419,-0.2936855250928212,23.21747,Validation
2018-12-04 14:00:00,Water Ride,0.0254834793882327,0.1455255990982978,0,-2.486644680453647,14,1,12,0.1437349928156468,0,1,0,0.2082172165088376,1.3117126462171105,29.007675,Validation
2018-12-06 15:45:00,Flying Coaster,0.4689375693693073,-0.4899681729892444,0,0.6216611701134117,15,3,12,-0.5999707394374746,0,0,1,0.5840425556379238,-1.2569244278787803,6.4556475,Validation
2018-12-07 09:45:00,Flying Coaster,-0.1076676398191897,-0.1873520910427957,0,-0.6216611701134117,9,4,12,-0.6279362540657775,0,0,1,0.2421726886272764,-0.935844793616794,17.791883,Validation
2018-12-11 16:00:00,Flying Coaster,-0.6726717269794377,-0.5807529975731791,1,1.864983510340235,16,1,12,-0.4881308669731553,0,0,1,-0.2162261849716502,-1.2569244278787803,11.697911,Validation
2018-12-12 13:30:00,Flying Coaster,-1.0205369861219646,0.3270952482661671,0,-0.6216611701134117,13,2,12,-0.5440508032053151,0,0,1,-1.3676253758969004,-0.2936855250928212,22.289778,Validation
2018-12-17 16:45:00,Flying Coaster,-0.8410814047333761,-0.8531074713249829,1,0.6216611701134117,16,0,12,-0.4881308669731553,0,0,1,-0.7529541590256122,-0.6147651593548076,14.93356,Validation
2018-12-20 15:30:00,Flying Coaster,-0.4146751006965653,-0.7623226467410483,1,2.486644680453647,15,3,12,-0.2644511220445166,0,0,1,-0.3072885874711001,-0.2936855250928212,9.974504,Validation
2018-12-22 13:45:00,Flying Coaster,0.1462503358752347,0.2363104236822324,0,0.6216611701134117,13,5,12,-0.208531185812357,0,0,1,0.3428815320694648,0.990633011955124,47.7553,Validation
2018-12-22 13:45:00,Water Ride,0.1462503358752347,0.2363104236822324,0,1.864983510340235,13,5,12,0.6570623556461113,0,1,0,0.3428815320694648,0.027394109169165,40.641224,Validation
2018-12-22 19:00:00,Flying Coaster,-0.3365688191668591,0.1455255990982978,0,-3.108305850567058,19,5,12,-0.4881308669731553,0,0,1,-0.2038787405649451,1.3117126462171105,8.284,Validation
2018-12-23 10:45:00,Flying Coaster,-0.3953940709475743,-0.5504913893785341,0,-1.2433223402268234,10,6,12,-0.5999707394374746,0,0,1,0.212075792885933,-0.2936855250928212,27.584387,Validation
2018-12-23 15:45:00,Flying Coaster,0.2648092048263495,-0.4899681729892444,0,3.108305850567058,15,6,12,-0.3203710582766763,0,0,1,0.5828849827247954,-0.935844793616794,16.250322,Validation
2018-12-23 15:45:00,Water Ride,0.2648092048263495,-0.4899681729892444,0,-1.2433223402268234,15,6,12,0.3148441137591349,0,1,0,0.5828849827247954,0.990633011955124,33.565956,Validation
2018-12-24 14:15:00,Water Ride,-0.582852843826035,0.0547407745143632,0,0.0,14,0,12,0.3148441137591349,0,1,0,-0.3690258095046258,0.3484737434311514,35.294025,Validation
2018-12-25 14:30:00,Flying Coaster,-0.794057422586799,-0.0360440500695713,0,3.108305850567058,14,1,12,-0.0115997846569263,0,0,1,-0.4948153993979338,0.6695533776931377,48.277187,Validation
2018-12-26 09:30:00,Flying Coaster,-1.1053685380147755,-0.0965672664588611,0,-4.973289360907294,9,2,12,-0.2645102809297133,0,0,1,-2.079918575108701,2.274951549003069,48.45863,Validation
2018-12-26 09:30:00,Water Ride,-1.1053685380147755,-0.0965672664588611,0,-1.864983510340235,9,2,12,-0.1470590920647157,0,1,0,-2.079918575108701,0.3484737434311514,40.00436,Validation
2018-12-27 12:45:00,Water Ride,-1.0874673065217937,0.599449722017971,0,3.72996702068047,12,3,12,0.9824439476094404,0,1,0,-1.701006374877938,-0.6147651593548076,41.93664,Validation
2018-12-27 12:45:00,Flying Coaster,-1.0874673065217937,0.599449722017971,0,4.973289360907294,12,3,12,-0.040771377115878,0,0,1,-1.701006374877938,-0.2936855250928212,52.34718,Validation
2018-12-27 17:00:00,Water Ride,-1.0893555174976646,-0.9438922959089175,1,1.864983510340235,17,3,12,1.5471954674465187,0,1,0,-1.3892334036086342,1.3117126462171105,38.578938,Validation
2018-12-27 17:00:00,Flying Coaster,-1.0893555174976646,-0.9438922959089175,1,-1.2433223402268234,17,3,12,-0.1526112495801973,0,0,1,-1.3892334036086342,2.274951549003069,32.742245,Validation
2018-12-28 10:00:00,Water Ride,-1.0954703047615513,-0.2781369156267303,0,-5.594950531020705,10,4,12,-0.1984832490713295,0,1,0,-1.745765860852244,2.274951549003069,38.043922,Validation
2018-12-29 09:00:00,Water Ride,-1.061792280634326,0.0850023827090081,0,0.6216611701134117,9,5,12,-0.0273741281278413,0,1,0,-1.4509706256421595,-0.6147651593548076,34.50751,Validation
2018-12-30 10:30:00,Flying Coaster,-0.6865179881393265,-0.4597065647945996,0,-3.108305850567058,10,6,12,-0.4322109307409956,0,0,1,-0.2586705251196989,1.6327922804790966,36.15975,Validation
2018-12-31 18:00:00,Flying Coaster,-0.5127297464070398,-0.8833690795196277,1,-2.486644680453647,18,0,12,-0.6558906756696342,0,0,1,-0.169923268446506,0.027394109169165,9.134504,Validation
2018-12-31 18:00:00,Water Ride,-0.5127297464070398,-0.8833690795196277,1,-2.486644680453647,18,0,12,-0.711810611901794,0,1,0,-0.169923268446506,-0.2936855250928212,5.198928,Validation
2019-01-01 10:00:00,Flying Coaster,-0.7180299153537811,-0.2781369156267303,0,0.0,10,1,1,-0.5999855291587738,0,0,1,-0.5573243367068785,-1.2569244278787803,31.919487,Validation
2019-01-01 10:00:00,Water Ride,-0.7180299153537811,-0.2781369156267303,0,0.6216611701134117,10,1,1,-0.5407014909583058,0,1,0,-0.5573243367068785,-1.5780040621407665,35.765114,Validation
2019-01-01 13:00:00,Water Ride,-0.630202482148324,0.5086648974340363,0,3.72996702068047,13,1,1,0.4859532347026231,0,1,0,-0.5496071839526877,-1.2569244278787803,36.281437,Validation
2019-01-01 13:00:00,Flying Coaster,-0.630202482148324,0.5086648974340363,0,4.351628190793882,13,1,1,-0.2529819218840411,0,0,1,-0.5496071839526877,-1.2569244278787803,46.59995,Validation
2019-01-01 15:15:00,Water Ride,-0.6156749161968145,-0.3083985238213752,0,0.0,15,1,1,0.5714725544098418,1,1,0,-0.40683985800016,0.6695533776931377,27.975582,Validation
2019-01-02 17:15:00,Flying Coaster,-0.8722953524373437,0.7810193711858402,0,0.6216611701134117,17,2,1,-0.208531185812357,0,0,1,-0.9107699328488116,0.990633011955124,34.779087,Validation
2019-01-03 18:00:00,Flying Coaster,-0.9078004852646904,0.5086648974340363,0,1.2433223402268234,18,3,1,-0.0966913133480376,0,0,1,-0.913856793950488,1.3117126462171105,18.963228,Validation
2019-01-05 09:00:00,Flying Coaster,-0.9675698642535506,0.0850023827090081,0,-6.216611701134116,9,5,1,-0.5999855291587738,0,0,1,-1.1669794042879424,1.953871914741083,45.979465,Validation
2019-01-05 13:30:00,Water Ride,-0.904026809799052,0.3270952482661671,0,0.6216611701134117,13,5,1,0.6570623556461113,0,1,0,-1.0519938282505017,0.6695533776931377,39.75829,Validation
2019-09-28 14:15:00,Flying Coaster,1.6698018414970797,0.2363104236822324,0,6.216611701134116,14,5,9,-0.0966913133480376,0,0,1,1.293248893748048,-1.2569244278787803,48.008755,Validation
2019-09-28 19:00:00,Water Ride,1.901660733035964,0.1455255990982978,0,-0.6216611701134117,19,5,9,0.4859532347026231,0,1,0,1.3951153101033649,0.990633011955124,23.472017,Validation
2019-09-29 10:30:00,Flying Coaster,0.5420755778121953,-0.2176136992374406,0,-4.973289360907294,10,6,9,-0.5440508032053151,0,0,1,0.8495126103820835,1.953871914741083,24.31544,Validation
2019-09-29 13:30:00,Water Ride,1.2693946640030351,0.5086648974340363,0,-2.486644680453647,13,6,9,-0.1984832490713295,0,1,0,1.15048156779552,0.6695533776931377,31.347849,Validation
2019-09-29 17:15:00,Flying Coaster,1.8305025711084468,-0.8531074713249829,1,-1.2433223402268234,17,6,9,-0.6558906756696342,0,0,1,1.5934461358860657,-0.6147651593548076,8.84452,Validation
2019-09-30 09:30:00,Water Ride,0.3603627785489943,0.1455255990982978,0,-1.864983510340235,9,0,9,-0.711810611901794,0,1,0,0.5292507710831702,-0.6147651593548076,13.579385,Validation
2019-10-02 11:45:00,Water Ride,0.8175312772989543,-0.6715378221571137,1,1.864983510340235,11,2,10,-0.1984832490713295,0,1,0,0.7283533121412897,-1.5780040621407665,15.5502205,Validation
2019-10-02 11:45:00,Flying Coaster,0.8175312772989543,-0.6715378221571137,1,0.0,11,2,10,-0.6558906756696342,0,0,1,0.7283533121412897,-1.2569244278787803,10.089094,Validation
2019-10-03 13:30:00,Water Ride,0.353771206485606,0.5086648974340363,0,0.0,13,3,10,-0.1984832490713295,0,1,0,0.3633319868680703,-0.6147651593548076,18.679163,Validation
2019-10-03 16:45:00,Water Ride,0.254485502730881,-0.6715378221571137,1,0.6216611701134117,16,3,10,-0.0273741281278413,0,1,0,0.314713924516669,-0.6147651593548076,18.952255,Validation
2019-10-03 16:45:00,Flying Coaster,0.254485502730881,-0.6715378221571137,1,1.2433223402268234,16,3,10,-0.5440508032053151,0,0,1,0.314713924516669,-1.2569244278787803,11.058025,Validation
2019-10-04 11:30:00,Flying Coaster,0.8698258283580056,-0.6715378221571137,1,0.6216611701134117,11,4,10,-0.4881308669731553,0,0,1,0.8448823187295692,-0.6147651593548076,25.345955,Validation
2019-10-04 13:45:00,Flying Coaster,1.0737929071733174,0.3270952482661671,0,1.2433223402268234,13,4,10,-0.376290994508836,0,0,1,0.9644981864195248,-0.2936855250928212,22.949371,Validation
2019-10-06 11:00:00,Water Ride,0.6272458001640774,-0.3991833484053098,0,-0.6216611701134117,11,6,10,-0.1470590920647157,0,1,0,0.7422441870988329,-0.2936855250928212,25.149557,Validation
2019-10-06 15:45:00,Flying Coaster,1.5288127839371484,-0.3083985238213752,0,-1.864983510340235,15,6,10,-0.5440508032053151,0,0,1,1.1412209844904917,0.3484737434311514,17.022276,Validation
2019-10-06 15:45:00,Water Ride,1.5288127839371484,-0.3083985238213752,0,1.864983510340235,15,6,10,0.4176924277723624,0,1,0,1.1412209844904917,-0.6147651593548076,28.013905,Validation
2019-10-06 17:45:00,Water Ride,1.2951900921608728,0.2363104236822324,0,-1.864983510340235,17,6,10,-0.1470590920647157,0,1,0,1.068679748601099,0.3484737434311514,18.340446,Validation
2019-10-08 16:30:00,Water Ride,0.5070367311320555,-0.5807529975731791,1,0.0,16,1,10,-0.1984832490713295,0,1,0,0.7368421801708994,-0.6147651593548076,19.246883,Validation
2019-10-08 16:30:00,Flying Coaster,0.5070367311320555,-0.5807529975731791,1,-1.2433223402268234,16,1,10,-0.6558906756696342,0,0,1,0.7368421801708994,-0.6147651593548076,6.8994584,Validation
2019-10-09 12:45:00,Flying Coaster,0.6623623437333562,0.7810193711858402,0,0.6216611701134117,12,2,10,-0.5999707394374746,0,0,1,0.7244947357641943,-1.2569244278787803,11.307815,Validation
2019-10-10 09:30:00,Water Ride,0.1437638497156372,0.1455255990982978,0,-1.864983510340235,9,3,10,-0.711810611901794,0,1,0,0.384168299304385,-0.6147651593548076,20.466387,Validation
2019-10-10 14:45:00,Flying Coaster,1.5062412413317443,0.0547407745143632,0,1.864983510340235,14,3,10,-0.4322109307409956,0,0,1,1.0848857693848997,-0.935844793616794,20.168007,Validation
2019-10-10 14:45:00,Water Ride,1.5062412413317443,0.0547407745143632,0,1.864983510340235,14,3,10,0.3876648997731892,1,1,0,1.0848857693848997,-1.5780040621407665,20.50674,Validation
2019-10-11 11:15:00,Flying Coaster,0.5978099360388007,-0.4899681729892444,0,-2.486644680453647,11,4,10,-0.6558906756696342,0,0,1,0.6820503956161458,0.027394109169165,19.104116,Validation
2019-10-11 18:00:00,Flying Coaster,2.2741187501278866,-0.2176136992374406,0,0.0,18,4,10,-0.6558906756696342,0,0,1,1.6374339065849526,-1.2569244278787803,2.9418929,Validation
2019-10-13 13:00:00,Water Ride,2.204656941430495,0.6902345466019055,0,0.6216611701134117,13,6,10,-0.0273741281278413,0,1,0,2.2995656128945132,-0.6147651593548076,28.031754,Validation
2019-10-13 17:15:00,Flying Coaster,2.2448554909502145,-0.8531074713249829,1,3.108305850567058,17,6,10,-0.376290994508836,0,0,1,2.2876040261255177,-1.2569244278787803,18.226444,Validation
2019-10-13 17:15:00,Water Ride,2.2448554909502145,-0.8531074713249829,1,1.2433223402268234,17,6,10,0.3881463877938937,1,1,0,2.2876040261255177,-0.2936855250928212,25.36251,Validation
2019-10-14 11:15:00,Flying Coaster,1.823537738037902,-0.4899681729892444,0,-1.864983510340235,11,0,10,-0.5440508032053151,0,0,1,1.609652156669866,0.3484737434311514,22.359539,Validation
2019-10-14 11:15:00,Water Ride,1.823537738037902,-0.4899681729892444,0,0.0,11,0,10,0.3148441137591349,0,1,0,1.609652156669866,0.3484737434311514,23.954004,Validation
2019-10-15 15:30:00,Water Ride,1.157033533256438,-0.2176136992374406,0,0.0,15,1,10,0.4176924277723624,0,1,0,0.9135649782418664,0.3484737434311514,25.955198,Validation
2019-10-15 15:30:00,Flying Coaster,1.157033533256438,-0.2176136992374406,0,1.864983510340235,15,1,10,-0.376290994508836,0,0,1,0.9135649782418664,-0.6147651593548076,17.368631,Validation
2019-10-16 16:15:00,Flying Coaster,0.8008869855607296,-0.4899681729892444,0,-1.2433223402268234,16,2,10,-0.4881308669731553,0,0,1,0.8005086903929728,0.3484737434311514,9.735941,Validation
2019-10-17 12:45:00,Flying Coaster,0.2907725815509491,0.7810193711858402,0,-0.6216611701134117,12,3,10,-0.5440508032053151,0,0,1,0.6234000346842964,-0.2936855250928212,14.91147,Validation
2019-10-17 16:15:00,Flying Coaster,1.2298574550126835,-0.4899681729892444,0,1.2433223402268234,16,3,10,-0.4322109307409956,0,0,1,1.0250778355399215,-0.6147651593548076,8.746243,Validation
2019-10-18 10:45:00,Water Ride,0.1393722671632299,-0.3083985238213752,0,-1.864983510340235,10,4,10,-0.1984832490713295,0,1,0,0.4262267818147244,0.3484737434311514,26.572247,Validation
2019-10-18 15:45:00,Water Ride,1.1028758518527642,-0.3083985238213752,0,1.864983510340235,15,4,10,0.3148441137591349,0,1,0,0.9139508358795758,-0.6147651593548076,22.539356,Validation
2019-10-21 13:15:00,Flying Coaster,0.2180251125939699,0.599449722017971,0,3.108305850567058,13,0,10,-0.1526112495801973,0,0,1,0.4682852643250635,0.027394109169165,43.888252,Validation
2019-10-21 16:30:00,Water Ride,0.6609298790145642,-0.5807529975731791,1,0.0,16,0,10,0.3148441137591349,0,1,0,0.7021149927770414,0.3484737434311514,26.911959,Validation
2019-10-24 14:30:00,Water Ride,1.1771741752135796,0.1455255990982978,0,1.864983510340235,14,3,10,0.8281714765895994,0,1,0,1.069451463876518,0.3484737434311514,37.120953,Validation
2019-10-24 17:00:00,Water Ride,0.9847782151448168,-0.7623226467410483,1,0.0,17,3,10,0.8281714765895994,0,1,0,0.956781033665334,1.3117126462171105,38.70069,Validation
2019-10-24 17:00:00,Flying Coaster,0.9847782151448168,-0.7623226467410483,1,-0.6216611701134117,17,3,10,-0.208531185812357,0,0,1,0.956781033665334,1.6327922804790966,36.09976,Validation
2019-10-25 16:15:00,Water Ride,1.118155798382552,-0.4899681729892444,0,-3.72996702068047,16,4,10,-0.1984832490713295,0,1,0,1.03472427648266,1.3117126462171105,22.107426,Validation
2019-10-25 18:30:00,Flying Coaster,1.0203503651053594,0.3270952482661671,0,-3.108305850567058,18,4,10,-0.4881308669731553,0,0,1,0.983019353029582,1.3117126462171105,6.680487,Validation
2019-10-26 18:30:00,Flying Coaster,1.620517250274774,-0.7017994303517585,1,4.973289360907294,18,5,10,-0.040771377115878,0,0,1,1.3202589283877153,-0.2936855250928212,18.158697,Validation
2019-10-29 12:00:00,Water Ride,-0.2007723032378765,-0.7623226467410483,1,2.486644680453647,12,1,10,0.4859532347026231,0,1,0,0.0739387585859195,-0.6147651593548076,31.647518,Validation
2019-10-29 14:45:00,Water Ride,-0.0266968901310373,0.0547407745143632,0,-0.6216611701134117,14,1,10,0.3148441137591349,0,1,0,0.1962556297398419,0.6695533776931377,34.277298,Validation
2019-10-29 14:45:00,Flying Coaster,-0.0266968901310373,0.0547407745143632,0,-1.864983510340235,14,1,10,-0.208531185812357,0,0,1,0.1962556297398419,2.274951549003069,47.208725,Validation
2019-10-30 17:00:00,Flying Coaster,-0.3535178330022938,-0.7623226467410483,1,0.0,17,2,10,-0.208531185812357,0,0,1,-0.135967796328067,1.3117126462171105,29.403841,Validation
2019-10-31 10:45:00,Water Ride,-0.2910801996714967,-0.3083985238213752,0,0.6216611701134117,10,3,10,0.4859532347026231,0,1,0,0.0067995296244607,0.3484737434311514,30.734789,Validation
2019-11-01 12:00:00,Water Ride,0.0827429682563917,-0.7623226467410483,1,0.6216611701134117,12,4,11,0.6570623556461113,0,1,0,0.5462285071423896,0.6695533776931377,34.141598,Validation
2019-11-01 18:00:00,Water Ride,1.019518485973028,0.5086648974340363,0,-0.6216611701134117,18,4,11,0.4859532347026231,0,1,0,1.0493868667156223,0.990633011955124,31.870636,Validation
2019-11-02 19:15:00,Flying Coaster,0.0469273752699315,0.0547407745143632,0,-1.864983510340235,19,5,11,-0.376290994508836,0,0,1,0.3235886501839882,1.3117126462171105,11.204892,Validation
2019-11-08 09:00:00,Water Ride,-0.968195160860948,0.1455255990982978,0,-3.72996702068047,9,4,11,-0.5407014909583058,0,1,0,-1.126850209966151,0.6695533776931377,25.969736,Validation
2019-11-08 12:00:00,Flying Coaster,-0.6569178640040213,-0.9438922959089175,1,-3.108305850567058,12,4,11,-0.6558906756696342,0,0,1,-0.2085090322174594,0.3484737434311514,15.796488,Validation
2019-11-08 15:45:00,Flying Coaster,-0.3388239598959103,-0.4899681729892444,0,0.6216611701134117,15,4,11,-0.5999707394374746,0,0,1,0.0064136719867513,-1.2569244278787803,11.187823,Validation
2019-11-09 19:00:00,Flying Coaster,-0.8418077760768508,0.1455255990982978,0,1.864983510340235,19,5,11,-0.4322109307409956,0,0,1,-0.8444024191627719,-0.935844793616794,7.84414,Validation
2019-11-10 09:45:00,Water Ride,-0.8965816130280438,-0.1268288746535059,0,1.864983510340235,9,6,11,-0.0273741281278413,0,1,0,-0.9146285092259072,-1.2569244278787803,35.439022,Validation
2019-11-11 11:45:00,Flying Coaster,-0.8855536166674615,-0.8531074713249829,1,2.486644680453647,11,0,11,-0.208531185812357,0,0,1,-1.080547293441007,0.027394109169165,31.105211,Validation
2019-11-11 14:15:00,Flying Coaster,-0.7477571070862787,0.0547407745143632,0,-1.2433223402268234,14,0,11,-0.3203710582766763,0,0,1,-0.7869096311440513,1.3117126462171105,25.395437,Validation
2019-11-12 09:00:00,Water Ride,-0.950595460945496,0.1455255990982978,0,-1.864983510340235,9,1,11,-0.5407014909583058,0,1,0,-1.271932681744936,-0.2936855250928212,27.94675,Validation
2019-11-12 12:00:00,Water Ride,-0.7371997661974234,-0.9438922959089175,1,2.486644680453647,12,1,11,0.1437349928156468,0,1,0,-0.7749480443750558,-1.2569244278787803,20.557398,Validation
2019-11-12 16:00:00,Water Ride,-0.8994891930476014,-0.5807529975731791,1,0.6216611701134117,16,1,11,0.3148441137591349,0,1,0,-0.9894848909415568,0.027394109169165,14.528726,Validation
2019-11-14 11:15:00,Water Ride,-0.8836819400956426,-0.6715378221571137,1,-0.6216611701134117,11,3,11,0.229441921160003,0,1,0,-1.029999942901058,0.3484737434311514,23.587093,Validation
2019-11-14 11:15:00,Flying Coaster,-0.8836819400956426,-0.6715378221571137,1,-3.72996702068047,11,3,11,-0.6558906756696342,0,0,1,-1.029999942901058,0.6695533776931377,15.151967,Validation
2019-11-14 15:30:00,Water Ride,-0.7888966986352272,-0.3991833484053098,0,-0.6216611701134117,15,3,11,0.0411914145476435,0,1,0,-0.7278734125744926,0.027394109169165,19.465471,Validation
2019-11-15 11:45:00,Flying Coaster,-1.0211821388197793,-0.8531074713249829,1,0.0,11,4,11,-0.6558906756696342,0,0,1,-0.8621518704974105,-1.2569244278787803,8.865364,Validation
2019-11-15 11:45:00,Water Ride,-1.0211821388197793,-0.8531074713249829,1,1.2433223402268234,11,4,11,0.3148441137591349,0,1,0,-0.8621518704974105,-0.2936855250928212,22.246885,Validation
2019-11-15 13:45:00,Flying Coaster,-1.0682484948111892,0.2363104236822324,0,0.0,13,4,11,-0.6558906756696342,0,0,1,-1.4065969973055634,-1.2569244278787803,8.720077,Validation
2019-11-15 13:45:00,Water Ride,-1.0682484948111892,0.2363104236822324,0,-1.864983510340235,13,4,11,-0.1984832490713295,0,1,0,-1.4065969973055634,0.3484737434311514,23.013836,Validation
2019-11-16 10:45:00,Water Ride,-0.9222605624910104,-0.4899681729892444,0,1.864983510340235,10,5,11,0.3148441137591349,0,1,0,-1.1800985639700667,-0.6147651593548076,38.505535,Validation
2019-11-16 10:45:00,Flying Coaster,-0.9222605624910104,-0.4899681729892444,0,2.486644680453647,10,5,11,-0.4322109307409956,0,0,1,-1.1800985639700667,-1.2569244278787803,35.51696,Validation
2019-11-16 14:45:00,Flying Coaster,-0.8515241377129817,-0.1268288746535059,0,1.864983510340235,14,5,11,-0.2644511220445166,0,0,1,-0.991028321492395,0.027394109169165,37.413006,Validation
2019-11-16 17:30:00,Water Ride,-0.8741627176423189,0.6902345466019055,0,-1.2433223402268234,17,5,11,-0.0273741281278413,0,1,0,-0.8397721275102575,0.3484737434311514,24.153708,Validation
2019-11-16 17:30:00,Flying Coaster,-0.8741627176423189,0.6902345466019055,0,-1.864983510340235,17,5,11,-0.4322109307409956,0,0,1,-0.8397721275102575,0.990633011955124,13.537814,Validation
2019-11-18 12:00:00,Water Ride,-0.8557176768205986,-0.9438922959089175,1,0.6216611701134117,12,0,11,0.1437349928156468,0,1,0,-0.9987454742465856,-0.2936855250928212,24.247791,Validation
2019-11-19 13:00:00,Water Ride,-0.5966031663836671,0.5086648974340363,0,-1.2433223402268234,13,1,11,1.2110260823000956,1,1,0,-0.1514021018364483,0.027394109169165,23.650805,Validation
2019-11-21 14:00:00,Flying Coaster,-0.2768439168401321,0.1455255990982978,0,-2.486644680453647,14,3,11,-0.6558906756696342,0,0,1,-0.1390546574297432,0.027394109169165,17.237595,Validation
2019-11-22 11:00:00,Flying Coaster,-0.6485275450026948,-0.5807529975731791,1,0.0,11,4,11,-0.6558906756696342,0,0,1,-0.5943666699269937,-1.2569244278787803,11.286156,Validation
2019-11-22 11:00:00,Water Ride,-0.6485275450026948,-0.5807529975731791,1,0.6216611701134117,11,4,11,-0.0273741281278413,0,1,0,-0.5943666699269937,-0.6147651593548076,21.563807,Validation
2019-11-22 14:00:00,Water Ride,0.0373710824784248,0.1455255990982978,0,0.6216611701134117,14,4,11,0.229441921160003,0,1,0,0.2653241468898485,-0.2936855250928212,22.711954,Validation
2019-11-23 10:45:00,Water Ride,-0.6271463318344646,-0.4899681729892444,0,-0.6216611701134117,10,5,11,-0.0273741281278413,0,1,0,-0.4570013509023995,0.027394109169165,31.448214,Validation
2019-11-23 15:45:00,Flying Coaster,-0.4624767976353436,-0.4899681729892444,0,4.351628190793882,15,5,11,-0.2325014007907165,1,0,1,-0.35706422273563,-1.2569244278787803,26.218395,Validation
2019-11-24 15:30:00,Flying Coaster,-0.4500276399123281,-0.3991833484053098,0,-1.2433223402268234,15,6,11,-0.376290994508836,0,0,1,-0.1228486366459427,0.990633011955124,10.203872,Validation
2019-11-24 15:30:00,Water Ride,-0.4500276399123281,-0.3991833484053098,0,1.864983510340235,15,6,11,0.4859532347026231,0,1,0,-0.1228486366459427,-0.2936855250928212,23.714174,Validation
2019-11-25 12:15:00,Water Ride,-0.230418419193744,0.7810193711858402,0,-2.486644680453647,12,0,11,-0.1984832490713295,0,1,0,0.1758051749412366,0.6695533776931377,22.062403,Validation
2019-11-27 10:15:00,Water Ride,-0.2388000462912369,-0.3083985238213752,0,-1.864983510340235,10,2,11,-0.711810611901794,0,1,0,0.1403062722719594,-0.6147651593548076,12.525592,Validation
2019-11-30 10:00:00,Water Ride,-0.9941004385062002,-0.2176136992374406,0,1.864983510340235,10,5,11,0.2503399221481614,1,1,0,-1.3599082231427098,-1.5780040621407665,40.195168,Validation
2019-11-30 18:15:00,Flying Coaster,-0.9394530093657616,0.4178800728501017,0,1.2433223402268234,18,5,11,-0.2644511220445166,0,0,1,-1.2310317721477253,0.3484737434311514,7.7434664,Validation
2019-12-01 09:45:00,Flying Coaster,-1.0360556825679326,-0.1268288746535059,0,-4.351628190793882,9,6,12,-0.5720385002153942,1,0,1,-1.4444110458010977,0.990633011955124,28.958532,Validation
2019-12-02 11:30:00,Flying Coaster,-1.028085666021257,-0.7623226467410483,1,2.486644680453647,11,0,12,-0.4322109307409956,0,0,1,-1.3923202647103106,-1.2569244278787803,15.800805,Validation
2019-12-06 11:45:00,Flying Coaster,-1.033002919712745,-0.8531074713249829,1,0.0,11,4,12,-0.4322109307409956,0,0,1,-1.681327635354752,0.027394109169165,20.795588,Validation
2019-12-07 09:15:00,Flying Coaster,-0.6370980648224771,0.0547407745143632,0,-2.486644680453647,9,5,12,-0.6558906756696342,0,0,1,-0.5002174063258674,0.027394109169165,35.576782,Validation
2019-12-13 12:15:00,Pirate Ship,-0.8135841634560521,0.7810193711858402,0,-1.2433223402268234,12,4,12,0.9451873156672168,0,0,0,-1.0022181929859717,0.990633011955124,29.29876,Validation
2019-12-14 14:00:00,Flying Coaster,-0.4336109827442082,0.1455255990982978,0,4.973289360907294,14,5,12,-0.208531185812357,0,0,1,-0.44002361484318,-1.2569244278787803,46.794914,Validation
2019-12-14 14:00:00,Pirate Ship,-0.4336109827442082,0.1455255990982978,0,1.2433223402268234,14,5,12,0.5510175018972999,0,0,0,-0.44002361484318,0.3484737434311514,43.95783,Validation
2019-12-14 14:00:00,Water Ride,-0.4336109827442082,0.1455255990982978,0,1.864983510340235,14,5,12,0.4176924277723624,0,1,0,-0.44002361484318,-0.6147651593548076,42.880188,Validation
2019-12-15 10:15:00,Water Ride,-0.6223347601802809,-0.3083985238213752,0,0.0,10,6,12,0.3148441137591349,0,1,0,-0.5465203228510115,0.3484737434311514,31.069174,Validation
2019-12-15 14:30:00,Water Ride,-0.3031232906740518,-0.0360440500695713,0,0.0,14,6,12,0.3148441137591349,0,1,0,0.0415267170183188,0.3484737434311514,28.166723,Validation
2019-12-15 14:30:00,Pirate Ship,-0.3031232906740518,-0.0360440500695713,0,0.6216611701134117,14,6,12,0.6910633938723011,0,0,0,0.0415267170183188,0.990633011955124,38.874084,Validation
2019-12-15 17:15:00,Pirate Ship,-0.4496274490844962,0.4178800728501017,0,-1.2433223402268234,17,6,12,0.3591770721798107,0,0,0,-0.2729472577149517,1.3117126462171105,31.174143,Validation
2019-12-15 17:15:00,Water Ride,-0.4496274490844962,0.4178800728501017,0,-1.864983510340235,17,6,12,-0.1984832490713295,0,1,0,-0.2729472577149517,0.3484737434311514,19.15222,Validation
2019-12-15 17:15:00,Flying Coaster,-0.4496274490844962,0.4178800728501017,0,-4.351628190793882,17,6,12,-0.5999707394374746,0,0,1,-0.2729472577149517,1.3117126462171105,5.7619915,Validation
2019-12-17 11:30:00,Pirate Ship,0.6840810860292382,-0.7623226467410483,1,-0.6216611701134117,11,1,12,0.9451873156672168,0,0,0,0.6882241178194982,0.6695533776931377,25.736406,Validation
2019-12-17 15:30:00,Pirate Ship,0.7724700238670391,-0.3991833484053098,0,0.0,15,1,12,0.9451873156672168,0,0,0,0.7468744787513475,0.3484737434311514,26.696539,Validation
2019-12-17 15:30:00,Flying Coaster,0.7724700238670391,-0.3991833484053098,0,0.0,15,1,12,-0.5999707394374746,0,0,1,0.7468744787513475,-0.935844793616794,8.619213,Validation
2019-12-17 19:30:00,Pirate Ship,-0.3539472141953686,5.102377021381128,0,1.2433223402268234,19,1,12,2.468711346547547,0,0,0,-0.0441336785531977,0.3484737434311514,26.12356,Validation
2019-12-17 19:30:00,Water Ride,-0.3539472141953686,5.102377021381128,0,-1.864983510340235,19,1,12,-0.711810611901794,0,1,0,-0.0441336785531977,-0.6147651593548076,4.745054,Validation
2019-12-18 11:15:00,Flying Coaster,-0.7512099668524524,0.7810193711858402,0,-0.6216611701134117,11,2,12,-0.6558906756696342,0,0,1,-0.755655162489579,-0.935844793616794,6.7617755,Validation
2019-12-18 11:15:00,Pirate Ship,-0.7512099668524524,0.7810193711858402,0,0.6216611701134117,11,2,12,1.773686279451722,0,0,0,-0.755655162489579,0.990633011955124,30.02512,Validation
2019-12-18 15:00:00,Pirate Ship,-0.162546977507374,-0.5807529975731791,1,-1.864983510340235,15,2,12,0.9451873156672168,0,0,0,0.1572840083311791,1.3117126462171105,32.172836,Validation
2019-12-19 13:30:00,Pirate Ship,0.206736058028225,-0.0360440500695713,0,-1.2433223402268234,13,3,12,0.4243953346252042,0,0,0,0.4914367225876356,0.3484737434311514,27.462507,Validation
2019-12-19 15:30:00,Pirate Ship,0.532116571194061,-0.7623226467410483,1,2.486644680453647,15,3,12,1.4975199581902203,0,0,0,0.6295737568876488,-0.2936855250928212,28.854834,Validation
2019-12-19 19:15:00,Flying Coaster,0.147413461652318,5.102377021381128,0,0.0,19,3,12,-0.6558906756696342,0,0,1,0.3934288826094142,-1.2569244278787803,4.33676,Validation
2019-12-20 10:30:00,Flying Coaster,-0.1351773947682673,-0.3991833484053098,0,0.6216611701134117,10,4,12,-0.5999707394374746,0,0,1,0.3286047994742122,-1.2569244278787803,7.696663,Validation
2019-12-20 15:00:00,Pirate Ship,-0.1198506212305443,-0.2176136992374406,0,-1.2433223402268234,15,4,12,0.9451873156672168,0,0,0,0.1989566332038087,0.990633011955124,32.477737,Validation
2019-12-21 12:00:00,Flying Coaster,-0.4952215804548973,-0.9438922959089175,1,1.2433223402268234,12,5,12,-0.4881308669731553,0,0,1,-0.5125648507325725,-0.935844793616794,39.40216,Validation
2019-12-21 12:00:00,Pirate Ship,-0.4952215804548973,-0.9438922959089175,1,0.0,12,5,12,0.19227485748814,0,0,0,-0.5125648507325725,0.3484737434311514,41.788143,Validation
2019-12-21 12:00:00,Water Ride,-0.4952215804548973,-0.9438922959089175,1,4.351628190793882,12,5,12,0.4859532347026231,0,1,0,-0.5125648507325725,-1.5780040621407665,39.185406,Validation
2019-12-21 19:15:00,Pirate Ship,-0.7736159276384285,0.0547407745143632,0,-2.486644680453647,19,5,12,-0.4104487887718159,0,0,0,-0.6568756072359383,0.3484737434311514,11.140804,Validation
2019-12-22 09:45:00,Pirate Ship,-0.5404302269001741,-0.1268288746535059,0,1.864983510340235,9,6,12,0.6690209944057149,0,0,0,-0.6109585483485038,-0.935844793616794,41.09818,Validation
2019-12-22 12:45:00,Water Ride,-0.3891036523634261,0.599449722017971,0,-0.6216611701134117,12,6,12,0.3148441137591349,0,1,0,-0.4238175940593796,0.6695533776931377,33.98258,Validation
2019-12-22 12:45:00,Pirate Ship,-0.3891036523634261,0.599449722017971,0,0.6216611701134117,12,6,12,0.3204839260872825,0,0,0,-0.4238175940593796,0.027394109169165,34.296757,Validation
2019-12-22 15:30:00,Water Ride,-0.3531662223574851,-0.3991833484053098,0,0.0,15,6,12,0.3148441137591349,0,1,0,-0.3412440595895392,0.3484737434311514,30.536491,Validation
2019-12-22 15:30:00,Pirate Ship,-0.3531662223574851,-0.3991833484053098,0,0.6216611701134117,15,6,12,0.410979397566914,0,0,0,-0.3412440595895392,0.3484737434311514,28.019127,Validation
2019-12-22 15:30:00,Flying Coaster,-0.3531662223574851,-0.3991833484053098,0,1.2433223402268234,15,6,12,-0.376290994508836,0,0,1,-0.3412440595895392,-0.2936855250928212,12.968929,Validation
2019-12-24 10:00:00,Pirate Ship,-0.1252804989859466,-0.2176136992374406,0,-1.864983510340235,10,1,12,0.0531113923521349,0,0,0,0.2714978690932013,0.6695533776931377,35.87882,Validation
2019-12-24 12:00:00,Flying Coaster,0.0535956227552861,-0.9438922959089175,1,0.0,12,1,12,-0.376290994508836,0,0,1,0.3625602715926513,0.3484737434311514,32.322166,Validation
2019-12-24 12:00:00,Pirate Ship,0.0535956227552861,-0.9438922959089175,1,1.2433223402268234,12,1,12,0.2061788315967243,0,0,0,0.3625602715926513,-0.2936855250928212,33.916725,Validation
2019-12-24 14:15:00,Water Ride,0.1520873882707513,0.0547407745143632,0,-0.6216611701134117,14,1,12,0.229441921160003,0,1,0,0.3760652889124851,0.3484737434311514,29.721535,Validation
2019-12-24 14:15:00,Pirate Ship,0.1520873882707513,0.0547407745143632,0,-0.6216611701134117,14,1,12,0.0531805910136378,0,0,0,0.3760652889124851,0.3484737434311514,30.456802,Validation
2019-12-24 14:15:00,Flying Coaster,0.1520873882707513,0.0547407745143632,0,0.0,14,1,12,-0.376290994508836,0,0,1,0.3760652889124851,0.3484737434311514,31.388107,Validation
2019-12-24 16:30:00,Pirate Ship,-0.0695662355444016,-0.7623226467410483,1,0.6216611701134117,16,1,12,0.19227485748814,0,0,0,0.2267383831188951,0.027394109169165,25.63131,Validation
2019-12-24 16:30:00,Flying Coaster,-0.0695662355444016,-0.7623226467410483,1,-0.6216611701134117,16,1,12,-0.4322109307409956,0,0,1,0.2267383831188951,0.3484737434311514,11.966518,Validation
2019-12-24 18:30:00,Pirate Ship,-0.176006044476827,0.3270952482661671,0,0.0,18,1,12,0.19227485748814,0,0,0,0.147251709750731,0.3484737434311514,23.268816,Validation
2019-12-24 18:30:00,Flying Coaster,-0.176006044476827,0.3270952482661671,0,-2.486644680453647,18,1,12,-0.6558906756696342,0,0,1,0.147251709750731,0.027394109169165,4.944689,Validation
2019-12-25 10:15:00,Flying Coaster,-0.646797629717109,-0.3083985238213752,0,1.2433223402268234,10,2,12,-0.3763353636727335,0,0,1,-0.552694045054364,-1.2569244278787803,38.002304,Validation
2019-12-26 10:15:00,Pirate Ship,-0.976019475007697,-0.3083985238213752,0,-1.864983510340235,10,3,12,-0.2382500692271336,0,0,0,-1.2541832304102971,0.3484737434311514,33.191753,Validation
2019-12-26 12:30:00,Pirate Ship,-0.783223414223614,0.6902345466019055,0,0.6216611701134117,12,3,12,-0.0998176495694484,0,0,0,-0.7618288846929315,-0.6147651593548076,27.361687,Validation
2019-12-27 09:15:00,Water Ride,-0.5755469163712841,0.0547407745143632,0,-1.864983510340235,9,4,12,-0.3695923700148176,0,1,0,-0.5025325521521246,0.027394109169165,35.84549,Validation
2019-12-27 12:30:00,Water Ride,-0.5244729686978334,0.6902345466019055,0,3.72996702068047,12,4,12,0.6570623556461113,0,1,0,-0.4199590176822842,-0.935844793616794,43.00483,Validation
2019-12-27 12:30:00,Pirate Ship,-0.5244729686978334,0.6902345466019055,0,3.108305850567058,12,4,12,0.6443175921831071,0,0,0,-0.4199590176822842,-0.2936855250928212,48.180763,Validation
2019-12-27 16:30:00,Flying Coaster,-0.4788973275099953,-0.7623226467410483,1,4.351628190793882,16,4,12,-0.1526112495801973,0,0,1,-0.2501816570900891,-0.6147651593548076,33.154045,Validation
2019-12-28 09:30:00,Pirate Ship,-0.7411677739635675,-0.0360440500695713,0,2.486644680453647,9,5,12,1.822908452920742,0,0,0,-0.6159746976387276,1.3117126462171105,52.031136,Validation
2019-12-28 09:30:00,Flying Coaster,-0.7411677739635675,-0.0360440500695713,0,-5.594950531020705,9,5,12,-0.6558906756696342,0,0,1,-0.6159746976387276,1.6327922804790966,44.556683,Validation
2019-12-28 12:30:00,Water Ride,-0.6317171026536849,0.6902345466019055,0,0.6216611701134117,12,5,12,0.8281714765895994,0,1,0,-0.3883186913901024,0.990633011955124,40.61685,Validation
2019-12-28 12:30:00,Pirate Ship,-0.6317171026536849,0.6902345466019055,0,-3.108305850567058,12,5,12,0.493636680618118,0,0,0,-0.3883186913901024,2.5960311832650556,49.662186,Validation
2019-12-29 09:30:00,Pirate Ship,-1.0940935129172502,-0.0360440500695713,0,2.486644680453647,9,6,12,5.9118547330281155,0,0,0,-2.005062193393051,0.990633011955124,44.86387,Validation
2019-12-29 15:30:00,Water Ride,-0.933804222680031,-0.3991833484053098,0,-1.864983510340235,15,6,12,0.3148441137591349,0,1,0,-0.9277476689080312,1.3117126462171105,30.680677,Validation
2019-12-29 18:30:00,Water Ride,-1.0334415220660538,0.3270952482661671,0,0.6216611701134117,18,6,12,0.4859532347026231,0,1,0,-1.38460311195612,0.3484737434311514,18.816933,Validation
2019-12-29 18:30:00,Pirate Ship,-1.0334415220660538,0.3270952482661671,0,-0.6216611701134117,18,6,12,2.2439675999602655,0,0,0,-1.38460311195612,2.274951549003069,23.73459,Validation
2019-12-30 11:30:00,Water Ride,-1.0200300595485527,-0.7623226467410483,1,-1.864983510340235,11,0,12,0.1250239014111386,0,1,0,-1.1909025778259337,0.6695533776931377,30.928535,Validation
2019-12-30 11:30:00,Pirate Ship,-1.0200300595485527,-0.7623226467410483,1,-0.6216611701134117,11,0,12,0.7949985037480961,0,0,0,-1.1909025778259337,1.953871914741083,49.283245,Validation
2019-12-30 15:15:00,Flying Coaster,-0.7735210036614372,-0.3083985238213752,0,6.838272871247528,15,0,12,-0.040771377115878,0,0,1,-0.4778376633387143,-1.2569244278787803,31.26024,Validation
2019-12-30 15:15:00,Pirate Ship,-0.7735210036614372,-0.3083985238213752,0,1.2433223402268234,15,0,12,1.0963603268780742,0,0,0,-0.4778376633387143,1.6327922804790966,40.25393,Validation
2019-12-30 17:30:00,Pirate Ship,-0.9603318152723233,0.6902345466019055,0,0.0,17,0,12,1.0963603268780742,0,0,0,-1.016494925581224,2.274951549003069,27.650787,Validation
2019-12-30 19:30:00,Pirate Ship,-1.0397700547051978,-0.0360440500695713,0,0.0,19,0,12,1.7740922074104604,0,0,0,-1.3946354105365677,2.274951549003069,19.706154,Validation
2019-12-30 19:30:00,Flying Coaster,-1.0397700547051978,-0.0360440500695713,0,0.0,19,0,12,-0.040771377115878,0,0,1,-1.3946354105365677,2.274951549003069,14.845361,Validation
2019-12-31 11:45:00,Pirate Ship,-1.0634899770823416,-0.5202297811838893,0,-2.486644680453647,11,1,12,0.493636680618118,0,0,0,-1.1611915397222996,2.274951549003069,34.550346,Validation
2019-12-31 15:30:00,Pirate Ship,-0.9513458386779066,-0.7623226467410483,1,0.0,15,1,12,0.9454579343063754,0,0,0,-0.8814447523828872,0.990633011955124,24.974396,Validation
2019-12-31 15:30:00,Flying Coaster,-0.9513458386779066,-0.7623226467410483,1,-3.72996702068047,15,1,12,-0.376290994508836,0,0,1,-0.8814447523828872,2.274951549003069,25.070808,Validation
2019-12-31 15:30:00,Water Ride,-0.9513458386779066,-0.7623226467410483,1,0.0,15,1,12,-0.0273741281278413,0,1,0,-0.8814447523828872,-0.2936855250928212,10.098904,Validation
2019-12-31 17:45:00,Water Ride,-1.0446545284629165,-0.7925842549356932,1,-2.486644680453647,17,1,12,-0.711810611901794,0,1,0,-1.437465608322326,-0.2936855250928212,5.020556,Validation
2019-12-31 20:30:00,Pirate Ship,-1.081846755354886,5.102377021381128,0,-4.351628190793882,20,1,12,-0.4005015431906906,0,0,0,-1.6917457915729093,0.990633011955124,18.376102,Validation
2020-01-01 09:45:00,Flying Coaster,-1.0811495440317869,-0.1268288746535059,0,-3.108305850567058,9,2,1,-0.5827869201558803,0,0,1,-1.7021639477910664,0.3484737434311514,44.945114,Validation
2020-01-02 10:45:00,Flying Coaster,-0.758280566898721,-0.4899681729892444,0,3.108305850567058,10,3,1,-0.376290994508836,0,0,1,-0.6522453155834239,-1.2569244278787803,45.524494,Validation
2020-01-02 10:45:00,Water Ride,-0.758280566898721,-0.4899681729892444,0,4.973289360907294,10,3,1,0.6570623556461113,0,1,0,-0.6522453155834239,-1.5780040621407665,42.612946,Validation
2020-01-02 13:30:00,Pirate Ship,-0.5820982856808407,0.3270952482661671,0,3.72996702068047,13,3,1,0.3429557690531292,0,0,0,-0.4353933231906655,-1.2569244278787803,44.91047,Validation
2020-01-02 17:15:00,Pirate Ship,-0.5849381959486566,0.7810193711858402,0,0.0,17,3,1,0.3429557690531292,0,0,0,-0.4813103820781001,0.6695533776931377,31.573458,Validation
2020-01-03 16:30:00,Pirate Ship,-0.184675287522639,-0.7623226467410483,1,0.0,16,4,1,0.3493849653515277,0,0,0,0.1279588278652542,0.6695533776931377,28.909645,Validation
2020-01-03 16:30:00,Water Ride,-0.184675287522639,-0.7623226467410483,1,-0.6216611701134117,16,4,1,0.4859532347026231,0,1,0,0.1279588278652542,0.990633011955124,33.054737,Validation
2020-01-04 10:00:00,Pirate Ship,-1.0208565009427215,-0.2176136992374406,0,1.864983510340235,10,5,1,1.2004943987330283,0,0,0,-1.3722556675494149,0.6695533776931377,47.12212,Validation
2020-01-04 15:00:00,Flying Coaster,-0.6291739112464688,-0.2176136992374406,0,1.864983510340235,15,5,1,-0.208531185812357,0,0,1,-0.5573243367068785,0.3484737434311514,33.241722,Validation
2020-01-05 13:15:00,Water Ride,-0.5503327876987089,0.4178800728501017,0,-2.486644680453647,13,6,1,-0.1984832490713295,0,1,0,-0.1066426158621424,0.6695533776931377,30.93915,Validation
2020-01-05 13:15:00,Flying Coaster,-0.5503327876987089,0.4178800728501017,0,-3.72996702068047,13,6,1,-0.5440508032053151,0,0,1,-0.1066426158621424,1.3117126462171105,27.458126,Validation
2020-01-05 16:45:00,Flying Coaster,-0.6359052371730727,-0.8531074713249829,1,0.0,16,6,1,-0.5440508032053151,0,0,1,-0.1919171537959494,-0.6147651593548076,9.903408,Validation
2020-01-05 16:45:00,Pirate Ship,-0.6359052371730727,-0.8531074713249829,1,-2.486644680453647,16,6,1,0.19227485748814,0,0,0,-0.1919171537959494,1.6327922804790966,34.6123,Validation
2020-01-05 18:45:00,Pirate Ship,-0.7001087341082279,-0.1268288746535059,0,0.6216611701134117,18,6,1,1.2213536369287186,0,0,0,-0.4377084690169228,0.3484737434311514,21.052874,Validation
2020-01-06 13:15:00,Pirate Ship,-0.8944547385797146,0.2363104236822324,0,-0.6216611701134117,13,0,1,0.9451873156672168,0,0,0,-1.024983793610834,0.6695533776931377,28.902836,Validation
2020-01-06 16:00:00,Pirate Ship,-0.7231873768944985,-0.7623226467410483,1,1.864983510340235,16,0,1,1.773686279451722,0,0,0,-0.6946896557314727,0.3484737434311514,29.147636,Validation
2020-01-06 16:00:00,Flying Coaster,-0.7231873768944985,-0.7623226467410483,1,6.838272871247528,16,0,1,0.7333429354417189,0,0,1,-0.6946896557314727,-0.6147651593548076,17.884691,Validation
