DATETIME,ENTITY_DESCRIPTION_SHORT,ADJUST_CAPACITY,DOWNTIME,CURRENT_WAIT_TIME,TIME_TO_PARADE_1,TIME_TO_PARADE_2,TIME_TO_NIGHT_SHOW,y_pred,CHEAT_SOURCE_TIME,TIME_DIFF_MINUTES
2022-07-03 14:15:00,Flying Coaster,756.0,0,30,195.0,,525.0,15,2022-07-03 16:15:00,0
2019-04-16 15:15:00,Flying Coaster,756.0,0,40,135.0,,405.0,15,2019-04-16 17:15:00,0
2020-01-17 12:45:00,Flying Coaster,756.0,0,10,225.0,,345.0,5,2020-01-17 14:45:00,0
2022-07-10 11:15:00,Water Ride,82.3333,10,10,375.0,,705.0,30,2022-07-10 13:15:00,0
2020-08-19 12:30:00,Pirate Ship,263.5,0,30,,,,35,2020-08-19 14:30:00,0
2020-01-17 12:45:00,Water Ride,224.5,0,15,225.0,,345.0,15,2020-01-17 14:45:00,0
2022-05-21 10:15:00,Water Ride,16.4667,14,5,435.0,,765.0,40,2022-05-21 12:15:00,0
2022-07-27 18:15:00,Flying Coaster,756.0,0,30,-45.0,,285.0,5,2022-07-27 20:15:00,0
2022-05-26 15:30:00,Water Ride,247.0,0,45,120.0,,450.0,40,2022-05-26 17:30:00,0
2019-07-11 09:15:00,Water Ride,247.0,0,5,495.0,,825.0,20,2019-07-11 11:15:00,0
2019-11-16 10:45:00,Water Ride,247.0,0,30,375.0,75.0,675.0,30,2019-11-16 12:45:00,0
2020-10-09 12:30:00,Pirate Ship,51.0,0,10,,,,20,2020-10-09 14:30:00,0
2021-11-26 13:45:00,Pirate Ship,153.0,0,20,,,,25,2021-11-26 15:45:00,0
2019-07-04 15:30:00,Water Ride,247.0,0,20,120.0,,450.0,25,2019-07-04 17:30:00,0
2019-01-31 14:00:00,Flying Coaster,756.0,0,5,150.0,,270.0,30,2019-01-31 16:00:00,0
2021-11-13 11:45:00,Water Ride,230.533,1,50,,,,60,2021-11-13 13:45:00,0
2022-02-08 16:15:00,Pirate Ship,153.0,0,30,,,,55,2022-02-08 18:15:00,0
2022-03-29 12:30:00,Water Ride,131.733,7,40,,,,30,2022-03-29 14:30:00,0
2022-04-15 17:45:00,Pirate Ship,216.75,0,40,-15.0,,315.0,70,2022-04-15 19:45:00,0
2019-08-04 14:45:00,Flying Coaster,756.0,0,40,165.0,,495.0,15,2019-08-04 16:45:00,0
2021-11-28 13:00:00,Water Ride,247.0,0,35,,,,35,2021-11-28 15:00:00,0
2018-11-25 15:45:00,Water Ride,224.5,0,35,75.0,-235.0,315.0,20,2018-11-25 17:45:00,0
2018-11-04 14:45:00,Flying Coaster,756.0,0,30,165.0,-155.0,375.0,20,2018-11-04 16:45:00,0
2022-03-16 13:00:00,Pirate Ship,153.0,0,35,,,,40,2022-03-16 15:00:00,0
2022-04-09 17:15:00,Pirate Ship,229.5,0,35,15.0,,345.0,30,2022-04-09 19:15:00,0
2022-07-09 10:30:00,Water Ride,247.0,0,20,420.0,,750.0,15,2022-07-09 12:30:00,0
2018-12-11 16:00:00,Flying Coaster,756.0,0,20,60.0,-250.0,240.0,5,2018-12-11 18:00:00,0
2022-01-18 13:15:00,Pirate Ship,153.0,0,15,,,,15,2022-01-18 15:15:00,0
2020-10-25 10:00:00,Flying Coaster,756.0,0,20,,,,30,2020-10-25 12:00:00,0
2019-05-25 18:30:00,Flying Coaster,756.0,0,15,-60.0,,270.0,5,2019-05-25 20:30:00,0
2022-04-06 14:15:00,Water Ride,247.0,0,25,195.0,,525.0,25,2022-04-06 16:15:00,0
2019-01-26 16:45:00,Flying Coaster,756.0,0,60,-15.0,,195.0,30,2019-01-26 18:45:00,0
2018-11-19 12:45:00,Water Ride,247.0,0,20,255.0,-55.0,375.0,25,2018-11-19 14:45:00,0
2019-07-20 13:45:00,Water Ride,247.0,0,35,225.0,,555.0,25,2019-07-20 15:45:00,0
2019-03-19 10:00:00,Water Ride,247.0,0,25,450.0,,600.0,35,2019-03-19 12:00:00,0
2020-09-01 15:30:00,Water Ride,224.5,0,5,,,,5,2020-09-01 17:30:00,0
2019-09-25 14:45:00,Water Ride,247.0,0,10,225.0,,345.0,10,2019-09-25 16:45:00,0
2019-08-16 11:30:00,Water Ride,224.5,0,25,360.0,,690.0,30,2019-08-16 13:30:00,0
2022-04-28 13:15:00,Pirate Ship,221.0,0,30,255.0,,585.0,40,2022-04-28 15:15:00,0
2020-09-09 13:15:00,Pirate Ship,59.5,0,25,,,,20,2020-09-09 15:15:00,0
2019-05-02 16:00:00,Flying Coaster,756.0,0,30,90.0,,360.0,20,2019-05-02 18:00:00,0
2022-07-08 15:30:00,Flying Coaster,756.0,0,15,120.0,,450.0,5,2022-07-08 17:30:00,0
2021-10-17 16:45:00,Water Ride,247.0,0,25,,,,25,2021-10-17 18:45:00,0
2022-03-12 14:00:00,Pirate Ship,304.3,0,35,,,,40,2022-03-12 16:00:00,0
2021-08-20 10:45:00,Flying Coaster,756.0,0,5,,,,25,2021-08-20 12:45:00,0
2019-03-28 10:30:00,Water Ride,247.0,0,10,420.0,,570.0,15,2019-03-28 12:30:00,0
2020-10-06 14:15:00,Pirate Ship,59.5,0,15,,,,5,2020-10-06 16:15:00,0
2022-01-08 13:15:00,Flying Coaster,756.0,0,45,,,,60,2022-01-08 15:15:00,0
2022-03-08 13:15:00,Flying Coaster,756.0,0,10,,,,5,2022-03-08 15:15:00,0
2019-07-13 09:15:00,Water Ride,247.0,0,5,495.0,,825.0,25,2019-07-13 11:15:00,0
2019-12-17 11:30:00,Pirate Ship,153.0,0,30,330.0,30.0,450.0,35,2019-12-17 13:30:00,0
2019-05-13 17:15:00,Water Ride,247.0,0,15,15.0,,315.0,10,2019-05-13 19:15:00,0
2022-01-07 10:45:00,Water Ride,247.0,0,25,,,,30,2022-01-07 12:45:00,0
2019-08-20 09:30:00,Water Ride,197.6,0,15,480.0,,810.0,35,2019-08-20 11:30:00,0
2018-11-21 13:00:00,Water Ride,224.5,0,15,240.0,-70.0,360.0,25,2018-11-21 15:00:00,0
2022-05-25 10:30:00,Flying Coaster,756.0,0,5,420.0,,750.0,50,2022-05-25 12:30:00,0
2022-05-28 14:30:00,Water Ride,247.0,0,45,180.0,,510.0,35,2022-05-28 16:30:00,0
2021-09-21 13:00:00,Flying Coaster,630.0,0,15,,,,10,2021-09-21 15:00:00,0
2022-06-04 17:30:00,Pirate Ship,306.0,0,5,0.0,,330.0,5,2022-06-04 19:30:00,0
2019-05-09 17:00:00,Flying Coaster,378.0,0,45,30.0,,330.0,5,2019-05-09 19:00:00,0
2019-04-27 17:45:00,Flying Coaster,756.0,0,5,-15.0,,255.0,15,2019-04-27 19:45:00,0
2022-08-01 11:00:00,Flying Coaster,756.0,0,10,390.0,,720.0,25,2022-08-01 13:00:00,0
2022-06-22 13:30:00,Pirate Ship,301.75,0,40,240.0,,570.0,35,2022-06-22 15:30:00,0
2022-05-10 13:45:00,Pirate Ship,229.5,0,35,225.0,,555.0,35,2022-05-10 15:45:00,0
2021-12-17 18:15:00,Water Ride,247.0,0,35,,,,25,2021-12-17 20:15:00,0
2022-05-05 16:45:00,Water Ride,247.0,0,40,45.0,,375.0,35,2022-05-05 18:45:00,0
2022-02-10 09:00:00,Water Ride,181.133,0,5,,,,25,2022-02-10 11:00:00,0
2018-11-23 10:15:00,Water Ride,224.5,0,15,405.0,95.0,525.0,25,2018-11-23 12:15:00,0
2019-07-14 11:15:00,Water Ride,247.0,0,15,375.0,,705.0,10,2019-07-14 13:15:00,0
2019-12-20 15:00:00,Water Ride,247.0,0,20,120.0,-180.0,240.0,20,2019-12-20 17:00:00,0
2022-07-21 09:15:00,Pirate Ship,25.5,0,5,495.0,,825.0,40,2022-07-21 11:15:00,0
2019-06-23 12:00:00,Water Ride,247.0,0,30,330.0,,660.0,25,2019-06-23 14:00:00,0
2022-03-27 14:30:00,Water Ride,247.0,0,30,,,,30,2022-03-27 16:30:00,0
2022-08-10 15:00:00,Flying Coaster,756.0,0,35,150.0,,480.0,15,2022-08-10 17:00:00,0
2022-05-05 12:45:00,Water Ride,247.0,0,45,285.0,,615.0,60,2022-05-05 14:45:00,0
2020-02-18 11:45:00,Water Ride,247.0,0,30,315.0,,495.0,40,2020-02-18 13:45:00,0
2022-01-20 16:00:00,Pirate Ship,153.0,0,20,,,,20,2022-01-20 18:00:00,0
2022-04-26 17:00:00,Water Ride,247.0,0,25,30.0,,360.0,25,2022-04-26 19:00:00,0
2022-02-18 11:00:00,Water Ride,49.4,12,20,,,,30,2022-02-18 13:00:00,0
2020-09-04 12:45:00,Pirate Ship,136.0,0,10,,,,10,2020-09-04 14:45:00,0
2021-12-03 13:45:00,Water Ride,247.0,0,15,,,,40,2021-12-03 15:45:00,0
2021-09-09 10:30:00,Pirate Ship,229.5,0,10,,,,10,2021-09-09 12:30:00,0
2022-06-26 09:45:00,Pirate Ship,229.5,0,20,465.0,,795.0,30,2022-06-26 11:45:00,0
2022-06-02 11:00:00,Pirate Ship,229.5,0,35,390.0,,720.0,40,2022-06-02 13:00:00,0
2021-11-02 10:30:00,Pirate Ship,221.0,0,30,,,,30,2021-11-02 12:30:00,0
2018-10-27 16:15:00,Water Ride,202.0,0,40,75.0,-245.0,345.0,40,2018-10-27 18:15:00,0
2021-10-06 14:15:00,Flying Coaster,352.8,8,5,,,,5,2021-10-06 16:15:00,0
2021-11-11 15:15:00,Water Ride,247.0,0,45,,,,35,2021-11-11 17:15:00,0
2020-01-22 11:15:00,Pirate Ship,76.5,0,30,315.0,,435.0,20,2020-01-22 13:15:00,0
2019-08-11 15:00:00,Water Ride,224.5,0,35,150.0,,480.0,35,2019-08-11 17:00:00,0
2022-06-15 13:00:00,Flying Coaster,756.0,0,25,270.0,,600.0,45,2022-06-15 15:00:00,0
2021-09-10 09:45:00,Pirate Ship,5.1,0,5,,,,15,2021-09-10 11:45:00,0
2019-10-26 18:30:00,Water Ride,247.0,0,0,-120.0,-360.0,40.0,5,2019-10-26 20:30:00,0
2021-07-24 09:45:00,Flying Coaster,630.0,0,5,,,,10,2021-07-24 11:45:00,0
2020-08-08 11:00:00,Flying Coaster,756.0,0,5,,,,25,2020-08-08 13:00:00,0
2021-06-26 10:45:00,Water Ride,247.0,0,20,,,,20,2021-06-26 12:45:00,0
2020-10-08 11:45:00,Flying Coaster,724.5,0,5,,,,5,2020-10-08 13:45:00,0
2020-07-18 15:45:00,Pirate Ship,182.75,0,15,,,,35,2020-07-18 17:45:00,0
2020-08-11 12:15:00,Pirate Ship,136.0,0,30,,,,40,2020-08-11 14:15:00,0
2019-04-14 13:45:00,Water Ride,247.0,0,35,225.0,,495.0,30,2019-04-14 15:45:00,0
2022-05-28 10:30:00,Flying Coaster,756.0,0,15,420.0,,750.0,40,2022-05-28 12:30:00,0
2020-01-04 10:00:00,Pirate Ship,221.0,0,50,420.0,120.0,720.0,50,2020-01-04 12:00:00,0
2022-03-12 14:00:00,Flying Coaster,756.0,0,40,,,,45,2022-03-12 16:00:00,0
2019-10-29 14:45:00,Water Ride,247.0,0,30,165.0,-135.0,435.0,45,2019-10-29 16:45:00,0
2022-03-13 11:30:00,Water Ride,179.75,0,30,,,,40,2022-03-13 13:30:00,0
2020-08-06 09:30:00,Flying Coaster,756.0,0,5,,,,40,2020-08-06 11:30:00,0
2022-08-01 11:00:00,Water Ride,247.0,0,30,390.0,,720.0,20,2022-08-01 13:00:00,0
2019-05-08 16:30:00,Water Ride,247.0,0,25,60.0,,360.0,15,2019-05-08 18:30:00,0
2021-12-03 13:45:00,Flying Coaster,756.0,0,15,,,,25,2021-12-03 15:45:00,0
2019-05-08 16:30:00,Flying Coaster,756.0,0,25,60.0,,360.0,5,2019-05-08 18:30:00,0
2022-04-07 10:45:00,Pirate Ship,153.0,0,35,405.0,,735.0,40,2022-04-07 12:45:00,0
2019-04-02 10:15:00,Flying Coaster,756.0,0,5,435.0,,705.0,5,2019-04-02 12:15:00,0
2021-11-26 18:15:00,Pirate Ship,153.0,0,20,,,,15,2021-11-26 20:15:00,0
2019-06-13 14:45:00,Water Ride,247.0,0,30,165.0,,495.0,25,2019-06-13 16:45:00,0
2019-06-28 12:30:00,Water Ride,247.0,0,20,300.0,,630.0,25,2019-06-28 14:30:00,0
2022-01-03 11:45:00,Water Ride,230.533,1,30,,,,30,2022-01-03 13:45:00,0
2020-02-28 11:30:00,Flying Coaster,756.0,0,25,330.0,,510.0,30,2020-02-28 13:30:00,0
2021-11-29 11:45:00,Water Ride,247.0,0,30,,,,30,2021-11-29 13:45:00,0
2019-10-04 13:45:00,Water Ride,247.0,0,15,210.0,-90.0,375.0,20,2019-10-04 15:45:00,0
2019-04-17 17:15:00,Flying Coaster,756.0,0,35,15.0,,285.0,60,2019-04-17 19:15:00,0
2022-03-07 14:45:00,Flying Coaster,756.0,0,25,,,,15,2022-03-07 16:45:00,0
2021-08-03 16:15:00,Pirate Ship,85.0,9,35,,,,35,2021-08-03 18:15:00,0
2021-09-27 11:00:00,Water Ride,247.0,0,25,,,,25,2021-09-27 13:00:00,0
2022-06-27 15:00:00,Water Ride,164.667,5,30,150.0,,480.0,20,2022-06-27 17:00:00,0
2021-09-16 13:00:00,Flying Coaster,756.0,0,10,,,,10,2021-09-16 15:00:00,0
2021-12-08 15:45:00,Water Ride,49.4,12,35,,,,30,2021-12-08 17:45:00,0
2020-08-09 09:15:00,Flying Coaster,554.4,0,5,,,,25,2020-08-09 11:15:00,0
2019-03-16 09:45:00,Flying Coaster,275.1,0,0,435.0,,615.0,50,2019-03-16 11:45:00,0
2019-09-24 14:30:00,Flying Coaster,756.0,0,5,240.0,,360.0,5,2019-09-24 16:30:00,0
2022-03-05 14:15:00,Flying Coaster,756.0,0,25,,,,30,2022-03-05 16:15:00,0
2020-02-15 14:30:00,Pirate Ship,276.25,0,55,150.0,,390.0,55,2020-02-15 16:30:00,0
2020-01-02 17:15:00,Pirate Ship,280.5,0,35,-15.0,-315.0,285.0,30,2020-01-02 19:15:00,0
2019-04-02 10:15:00,Water Ride,247.0,0,5,435.0,,705.0,15,2019-04-02 12:15:00,0
2020-09-09 13:15:00,Flying Coaster,756.0,0,10,,,,20,2020-09-09 15:15:00,0
2019-09-02 13:45:00,Water Ride,224.5,0,20,225.0,,435.0,30,2019-09-02 15:45:00,0
2019-04-21 18:00:00,Flying Coaster,756.0,0,20,-30.0,,240.0,30,2019-04-21 20:00:00,0
2021-12-16 17:00:00,Pirate Ship,216.75,0,40,,,,0,2021-12-16 19:00:00,0
2021-06-26 15:15:00,Flying Coaster,756.0,0,40,,,,30,2021-06-26 17:15:00,0
2022-08-08 18:00:00,Water Ride,247.0,0,20,-30.0,,300.0,20,2022-08-08 20:00:00,0
2019-05-29 16:45:00,Flying Coaster,756.0,0,30,45.0,,375.0,45,2019-05-29 18:45:00,0
2019-09-30 13:00:00,Flying Coaster,756.0,0,10,270.0,-30.0,420.0,20,2019-09-30 15:00:00,0
2021-07-22 13:00:00,Water Ride,247.0,0,20,,,,20,2021-07-22 15:00:00,0
2020-02-17 10:30:00,Pirate Ship,153.0,0,60,390.0,,570.0,40,2020-02-17 12:30:00,0
2022-07-10 11:15:00,Pirate Ship,306.0,0,25,375.0,,705.0,25,2022-07-10 13:15:00,0
2022-07-02 15:30:00,Flying Coaster,756.0,0,35,120.0,,450.0,25,2022-07-02 17:30:00,0
2022-03-22 15:30:00,Pirate Ship,214.767,0,35,,,,25,2022-03-22 17:30:00,0
2021-12-22 09:30:00,Flying Coaster,504.0,3,5,,,,25,2021-12-22 11:30:00,0
2019-11-22 14:00:00,Flying Coaster,756.0,0,10,180.0,-120.0,300.0,15,2019-11-22 16:00:00,0
2021-09-28 10:15:00,Water Ride,104.767,8,10,,,,10,2021-09-28 12:15:00,0
2022-03-15 15:15:00,Pirate Ship,204.0,0,45,,,,25,2022-03-15 17:15:00,0
2019-01-05 09:00:00,Water Ride,247.0,0,15,480.0,170.0,780.0,45,2019-01-05 11:00:00,0
2021-07-20 16:45:00,Pirate Ship,280.5,0,25,,,,30,2021-07-20 18:45:00,0
2021-08-26 17:00:00,Water Ride,224.5,0,35,,,,30,2021-08-26 19:00:00,0
2019-12-27 12:30:00,Water Ride,247.0,0,40,270.0,-30.0,570.0,45,2019-12-27 14:30:00,0
2019-05-29 16:45:00,Water Ride,247.0,0,20,45.0,,375.0,20,2019-05-29 18:45:00,0
2019-07-26 15:15:00,Flying Coaster,756.0,0,35,135.0,,465.0,25,2019-07-26 17:15:00,0
2019-01-12 10:00:00,Flying Coaster,756.0,0,5,390.0,,600.0,45,2019-01-12 12:00:00,0
2021-07-23 10:15:00,Flying Coaster,630.0,0,5,,,,15,2021-07-23 12:15:00,0
2020-08-27 09:15:00,Flying Coaster,554.4,0,5,,,,20,2020-08-27 11:15:00,0
2020-10-10 16:15:00,Pirate Ship,280.5,0,30,,,,30,2020-10-10 18:15:00,0
2020-08-08 11:00:00,Water Ride,247.0,0,20,,,,20,2020-08-08 13:00:00,0
2021-10-04 13:15:00,Water Ride,224.5,0,15,,,,20,2021-10-04 15:15:00,0
2021-12-01 13:00:00,Water Ride,247.0,0,20,,,,30,2021-12-01 15:00:00,0
2022-06-09 17:15:00,Flying Coaster,756.0,0,25,15.0,,345.0,30,2022-06-09 19:15:00,0
2020-01-01 09:45:00,Pirate Ship,5.1,0,5,435.0,135.0,735.0,25,2020-01-01 11:45:00,0
2021-11-12 13:45:00,Pirate Ship,306.0,0,30,,,,40,2021-11-12 15:45:00,0
2019-08-21 10:30:00,Water Ride,247.0,0,35,420.0,,750.0,25,2019-08-21 12:30:00,0
2020-07-24 12:30:00,Pirate Ship,178.5,0,25,,,,10,2020-07-24 14:30:00,0
2021-11-05 12:00:00,Flying Coaster,756.0,0,35,,,,40,2021-11-05 14:00:00,0
2021-07-22 13:00:00,Flying Coaster,756.0,0,15,,,,20,2021-07-22 15:00:00,0
2021-10-04 13:15:00,Pirate Ship,216.75,0,10,,,,15,2021-10-04 15:15:00,0
2020-10-26 14:30:00,Flying Coaster,604.8,3,40,,,,60,2020-10-26 16:30:00,0
2022-05-28 10:30:00,Pirate Ship,306.0,0,30,420.0,,750.0,35,2022-05-28 12:30:00,0
2021-12-14 18:45:00,Water Ride,247.0,0,45,,,,10,2021-12-14 20:45:00,0
2018-11-21 13:00:00,Flying Coaster,756.0,0,10,240.0,-70.0,360.0,10,2018-11-21 15:00:00,0
2020-07-28 10:15:00,Pirate Ship,144.5,0,35,,,,25,2020-07-28 12:15:00,0
2020-07-20 14:30:00,Pirate Ship,187.0,0,25,,,,25,2020-07-20 16:30:00,0
2021-08-23 14:15:00,Water Ride,247.0,0,25,,,,30,2021-08-23 16:15:00,0
2021-11-04 12:45:00,Pirate Ship,300.9,0,35,,,,35,2021-11-04 14:45:00,0
2019-07-19 14:45:00,Water Ride,247.0,0,30,165.0,,495.0,30,2019-07-19 16:45:00,0
2020-09-03 14:15:00,Flying Coaster,756.0,0,10,,,,10,2020-09-03 16:15:00,0
2020-09-06 11:45:00,Flying Coaster,756.0,0,20,,,,15,2020-09-06 13:45:00,0
2019-07-16 12:15:00,Flying Coaster,756.0,0,25,315.0,,645.0,40,2019-07-16 14:15:00,0
2022-07-10 11:15:00,Flying Coaster,756.0,0,10,375.0,,705.0,15,2022-07-10 13:15:00,0
2022-06-26 17:15:00,Water Ride,247.0,0,20,15.0,,345.0,20,2022-06-26 19:15:00,0
2021-12-13 14:00:00,Water Ride,247.0,0,30,,,,30,2021-12-13 16:00:00,0
2018-12-29 09:00:00,Water Ride,247.0,0,20,480.0,170.0,780.0,40,2018-12-29 11:00:00,0
2019-08-05 18:00:00,Flying Coaster,756.0,0,30,-30.0,,300.0,15,2019-08-05 20:00:00,0
2022-08-03 15:45:00,Flying Coaster,756.0,0,15,105.0,,435.0,5,2022-08-03 17:45:00,0
2021-11-11 15:15:00,Pirate Ship,226.383,0,40,,,,40,2021-11-11 17:15:00,0
2019-06-29 12:00:00,Flying Coaster,756.0,0,25,330.0,,660.0,45,2019-06-29 14:00:00,0
2020-01-01 09:45:00,Water Ride,247.0,0,10,435.0,135.0,735.0,30,2020-01-01 11:45:00,0
2021-12-14 13:45:00,Pirate Ship,280.5,0,25,,,,45,2021-12-14 15:45:00,0
2019-02-28 11:15:00,Flying Coaster,756.0,0,30,345.0,,495.0,15,2019-02-28 13:15:00,0
2021-12-22 09:30:00,Pirate Ship,144.5,0,15,,,,40,2021-12-22 11:30:00,0
2022-04-12 10:30:00,Pirate Ship,148.75,0,40,420.0,,750.0,40,2022-04-12 12:30:00,0
2021-07-27 16:00:00,Pirate Ship,280.5,0,20,,,,15,2021-07-27 18:00:00,0
2022-08-09 17:30:00,Pirate Ship,301.75,0,25,0.0,,330.0,30,2022-08-09 19:30:00,0
2021-10-14 10:15:00,Flying Coaster,630.0,0,5,,,,10,2021-10-14 12:15:00,0
2019-10-10 14:45:00,Flying Coaster,756.0,0,25,165.0,-135.0,315.0,25,2019-10-10 16:45:00,0
2022-06-12 14:00:00,Flying Coaster,756.0,0,45,210.0,,540.0,30,2022-06-12 16:00:00,0
2019-05-31 17:30:00,Flying Coaster,756.0,0,45,0.0,,330.0,30,2019-05-31 19:30:00,0
2021-12-21 09:15:00,Pirate Ship,93.7833,0,15,,,,20,2021-12-21 11:15:00,0
2020-02-21 10:15:00,Flying Coaster,756.0,0,5,405.0,,585.0,40,2020-02-21 12:15:00,0
2022-01-26 14:00:00,Water Ride,247.0,0,10,,,,15,2022-01-26 16:00:00,0
2019-11-21 14:00:00,Water Ride,247.0,0,15,180.0,-120.0,300.0,30,2019-11-21 16:00:00,0
2020-02-04 09:45:00,Pirate Ship,51.0,0,15,435.0,,555.0,45,2020-02-04 11:45:00,0
2021-09-30 15:45:00,Flying Coaster,756.0,0,5,,,,5,2021-09-30 17:45:00,0
2020-09-07 13:30:00,Water Ride,202.0,0,5,,,,5,2020-09-07 15:30:00,0
2020-08-08 11:00:00,Pirate Ship,144.5,0,30,,,,25,2020-08-08 13:00:00,0
2019-10-09 12:45:00,Water Ride,247.0,0,20,285.0,-15.0,435.0,15,2019-10-09 14:45:00,0
2018-10-18 13:15:00,Flying Coaster,756.0,0,10,255.0,-65.0,405.0,20,2018-10-18 15:15:00,0
2021-08-29 10:45:00,Water Ride,247.0,0,20,,,,30,2021-08-29 12:45:00,0
2019-07-24 13:30:00,Flying Coaster,756.0,0,35,240.0,,570.0,30,2019-07-24 15:30:00,0
2021-12-23 15:00:00,Flying Coaster,756.0,0,40,,,,40,2021-12-23 17:00:00,0
2019-11-24 15:30:00,Flying Coaster,756.0,0,30,90.0,-210.0,330.0,20,2019-11-24 17:30:00,0
2021-08-16 17:15:00,Pirate Ship,280.5,0,35,,,,30,2021-08-16 19:15:00,0
2022-06-16 18:15:00,Water Ride,247.0,0,45,-45.0,,285.0,35,2022-06-16 20:15:00,0
2022-03-28 09:45:00,Pirate Ship,107.95,0,15,,,,45,2022-03-28 11:45:00,0
2019-08-25 13:00:00,Flying Coaster,756.0,0,30,270.0,,600.0,40,2019-08-25 15:00:00,0
2022-05-02 13:15:00,Water Ride,247.0,0,40,255.0,,585.0,20,2022-05-02 15:15:00,0
2019-11-19 13:00:00,Flying Coaster,756.0,0,20,240.0,-60.0,360.0,10,2019-11-19 15:00:00,0
2019-12-25 10:15:00,Pirate Ship,275.967,0,10,405.0,105.0,705.0,30,2019-12-25 12:15:00,0
2022-08-13 09:00:00,Water Ride,214.067,0,5,510.0,,840.0,25,2022-08-13 11:00:00,0
2022-04-22 11:45:00,Pirate Ship,234.6,0,40,345.0,,675.0,35,2022-04-22 13:45:00,0
2022-05-31 17:30:00,Water Ride,247.0,0,45,0.0,,330.0,30,2022-05-31 19:30:00,0
2019-12-18 15:00:00,Water Ride,247.0,0,20,60.0,-240.0,180.0,20,2019-12-18 17:00:00,0
2022-07-10 16:00:00,Water Ride,247.0,0,25,90.0,,420.0,15,2022-07-10 18:00:00,0
2020-09-13 13:15:00,Flying Coaster,756.0,0,25,,,,30,2020-09-13 15:15:00,0
2019-11-30 10:00:00,Flying Coaster,403.2,0,15,420.0,120.0,720.0,40,2019-11-30 12:00:00,0
2018-10-08 15:30:00,Pirate Ship,280.5,0,20,120.0,-200.0,270.0,15,2018-10-08 17:30:00,0
2019-07-03 11:45:00,Water Ride,247.0,0,20,345.0,,675.0,40,2019-07-03 13:45:00,0
2019-11-07 12:00:00,Water Ride,247.0,0,15,330.0,,420.0,15,2019-11-07 14:00:00,0
2021-07-06 16:30:00,Water Ride,224.5,0,20,,,,20,2021-07-06 18:30:00,0
2021-09-30 15:45:00,Water Ride,247.0,0,10,,,,10,2021-09-30 17:45:00,0
2022-03-19 11:45:00,Water Ride,247.0,0,40,,,,40,2022-03-19 13:45:00,0
2020-09-11 14:30:00,Flying Coaster,756.0,0,5,,,,5,2020-09-11 16:30:00,0
2022-03-30 16:30:00,Pirate Ship,153.0,0,45,,,,40,2022-03-30 18:30:00,0
2022-07-15 10:00:00,Pirate Ship,140.25,0,15,450.0,,780.0,70,2022-07-15 12:00:00,0
2019-03-15 11:45:00,Water Ride,247.0,0,30,315.0,,495.0,20,2019-03-15 13:45:00,0
2020-08-23 15:00:00,Water Ride,247.0,0,20,,,,15,2020-08-23 17:00:00,0
2021-11-04 12:45:00,Water Ride,247.0,0,20,,,,30,2021-11-04 14:45:00,0
2019-01-09 12:45:00,Water Ride,247.0,0,20,225.0,,315.0,15,2019-01-09 14:45:00,0
2022-07-25 13:45:00,Flying Coaster,756.0,0,45,225.0,,555.0,35,2022-07-25 15:45:00,0
2018-11-16 10:00:00,Water Ride,247.0,0,15,420.0,110.0,540.0,25,2018-11-16 12:00:00,0
2022-03-03 15:45:00,Pirate Ship,304.867,0,35,,,,30,2022-03-03 17:45:00,0
2019-10-06 11:00:00,Water Ride,224.5,0,15,390.0,90.0,600.0,20,2019-10-06 13:00:00,0
2019-11-27 15:15:00,Flying Coaster,756.0,0,10,105.0,-195.0,225.0,10,2019-11-27 17:15:00,0
2018-11-01 16:30:00,Flying Coaster,756.0,0,45,60.0,-260.0,330.0,15,2018-11-01 18:30:00,0
2022-04-21 18:00:00,Flying Coaster,756.0,0,15,-30.0,,300.0,15,2022-04-21 20:00:00,0
2022-06-13 15:00:00,Pirate Ship,306.0,0,30,150.0,,480.0,40,2022-06-13 17:00:00,0
2021-12-16 17:00:00,Flying Coaster,756.0,0,5,,,,0,2021-12-16 19:00:00,0
2021-06-16 13:15:00,Pirate Ship,170.0,0,15,,,,5,2021-06-16 15:15:00,0
2021-06-19 16:00:00,Flying Coaster,756.0,0,45,,,,35,2021-06-19 18:00:00,0
2022-08-14 11:30:00,Water Ride,247.0,0,30,360.0,,690.0,30,2022-08-14 13:30:00,0
2021-11-22 12:00:00,Water Ride,115.267,8,15,,,,20,2021-11-22 14:00:00,0
2021-12-17 10:15:00,Flying Coaster,630.0,0,5,,,,30,2021-12-17 12:15:00,0
2020-01-10 15:45:00,Pirate Ship,150.733,0,35,45.0,,135.0,40,2020-01-10 17:45:00,0
2021-07-23 14:15:00,Flying Coaster,756.0,0,5,,,,15,2021-07-23 16:15:00,0
2020-02-20 14:30:00,Flying Coaster,756.0,0,35,150.0,,330.0,30,2020-02-20 16:30:00,0
2019-09-06 14:00:00,Flying Coaster,756.0,0,20,210.0,,420.0,15,2019-09-06 16:00:00,0
2022-04-29 13:45:00,Pirate Ship,229.5,0,40,225.0,,555.0,25,2022-04-29 15:45:00,0
2020-07-13 13:30:00,Pirate Ship,195.5,0,35,,,,40,2020-07-13 15:30:00,0
2021-09-04 13:30:00,Water Ride,224.5,0,25,,,,35,2021-09-04 15:30:00,0
2022-04-01 10:30:00,Flying Coaster,756.0,0,5,420.0,,630.0,15,2022-04-01 12:30:00,0
2021-09-11 13:15:00,Water Ride,247.0,0,25,,,,30,2021-09-11 15:15:00,0
2019-09-15 15:15:00,Flying Coaster,756.0,0,35,135.0,,345.0,25,2019-09-15 17:15:00,0
2018-12-27 17:00:00,Water Ride,224.5,0,60,0.0,-310.0,300.0,35,2018-12-27 19:00:00,0
2021-11-08 12:45:00,Pirate Ship,216.75,0,20,,,,20,2021-11-08 14:45:00,0
2020-01-15 12:00:00,Pirate Ship,151.583,0,30,270.0,,390.0,35,2020-01-15 14:00:00,0
2021-12-21 17:15:00,Pirate Ship,306.0,0,25,,,,20,2021-12-21 19:15:00,0
2019-11-04 10:15:00,Water Ride,247.0,0,15,435.0,,525.0,20,2019-11-04 12:15:00,0
2022-04-27 14:30:00,Water Ride,247.0,0,35,180.0,,510.0,25,2022-04-27 16:30:00,0
2022-01-10 14:30:00,Water Ride,247.0,0,30,,,,25,2022-01-10 16:30:00,0
2019-12-20 15:00:00,Pirate Ship,153.0,0,30,120.0,-180.0,240.0,40,2019-12-20 17:00:00,0
2022-06-29 16:15:00,Flying Coaster,756.0,0,15,75.0,,405.0,15,2022-06-29 18:15:00,0
2022-05-03 17:45:00,Flying Coaster,756.0,0,25,-15.0,,315.0,5,2022-05-03 19:45:00,0
2022-06-25 15:15:00,Flying Coaster,756.0,0,25,135.0,,465.0,10,2022-06-25 17:15:00,0
2019-09-30 13:00:00,Water Ride,247.0,0,30,270.0,-30.0,420.0,20,2019-09-30 15:00:00,0
2022-07-31 11:15:00,Flying Coaster,756.0,0,10,375.0,,705.0,20,2022-07-31 13:15:00,0
2022-02-08 11:45:00,Flying Coaster,756.0,0,25,,,,15,2022-02-08 13:45:00,0
2022-08-12 15:45:00,Water Ride,247.0,0,30,105.0,,435.0,20,2022-08-12 17:45:00,0
2022-06-05 18:00:00,Flying Coaster,756.0,0,25,-30.0,,300.0,5,2022-06-05 20:00:00,0
2020-03-01 14:30:00,Water Ride,247.0,0,35,150.0,,330.0,30,2020-03-01 16:30:00,0
2022-04-19 12:15:00,Water Ride,247.0,0,35,315.0,,645.0,45,2022-04-19 14:15:00,0
2021-10-25 12:45:00,Water Ride,131.733,7,30,,,,45,2021-10-25 14:45:00,0
2022-04-20 13:15:00,Pirate Ship,153.0,0,60,255.0,,585.0,60,2022-04-20 15:15:00,0
2020-08-29 12:30:00,Flying Coaster,756.0,0,30,,,,40,2020-08-29 14:30:00,0
2022-05-22 11:15:00,Pirate Ship,153.0,0,45,375.0,,705.0,40,2022-05-22 13:15:00,0
2021-12-11 10:00:00,Water Ride,247.0,0,20,,,,50,2021-12-11 12:00:00,0
2020-02-04 14:00:00,Pirate Ship,150.167,0,25,180.0,,300.0,30,2020-02-04 16:00:00,0
2020-07-28 16:15:00,Pirate Ship,263.5,0,30,,,,40,2020-07-28 18:15:00,0
2019-12-14 09:30:00,Pirate Ship,162.917,0,35,450.0,150.0,750.0,40,2019-12-14 11:30:00,0
2019-10-21 16:30:00,Flying Coaster,756.0,0,35,60.0,-240.0,330.0,15,2019-10-21 18:30:00,0
2021-09-04 13:30:00,Pirate Ship,306.0,0,35,,,,30,2021-09-04 15:30:00,0
2022-05-30 12:15:00,Pirate Ship,301.75,0,25,315.0,,645.0,40,2022-05-30 14:15:00,0
2022-05-17 13:15:00,Water Ride,197.6,3,45,255.0,,585.0,30,2022-05-17 15:15:00,0
2022-08-01 11:00:00,Pirate Ship,301.75,0,20,390.0,,720.0,25,2022-08-01 13:00:00,0
2022-05-14 10:15:00,Water Ride,247.0,0,25,435.0,,765.0,45,2022-05-14 12:15:00,0
2019-02-01 14:00:00,Flying Coaster,378.0,0,35,150.0,,270.0,5,2019-02-01 16:00:00,0
2022-06-23 15:30:00,Flying Coaster,756.0,0,35,120.0,,450.0,15,2022-06-23 17:30:00,0
2022-05-14 10:15:00,Pirate Ship,153.0,0,30,435.0,,765.0,65,2022-05-14 12:15:00,0
2021-12-16 10:15:00,Pirate Ship,153.0,0,30,,,,45,2021-12-16 12:15:00,0
2022-08-01 18:45:00,Flying Coaster,705.6,1,15,-75.0,,255.0,15,2022-08-01 20:45:00,0
2018-10-09 12:45:00,Pirate Ship,280.5,0,20,285.0,-35.0,435.0,15,2018-10-09 14:45:00,0
2021-07-15 11:30:00,Pirate Ship,250.75,0,30,,,,25,2021-07-15 13:30:00,0
2021-09-28 10:15:00,Pirate Ship,170.0,0,10,,,,10,2021-09-28 12:15:00,0
2019-12-14 14:00:00,Pirate Ship,267.75,0,40,180.0,-120.0,480.0,55,2019-12-14 16:00:00,0
2019-03-23 10:00:00,Water Ride,247.0,0,15,450.0,,600.0,40,2019-03-23 12:00:00,0
2022-01-01 13:15:00,Water Ride,247.0,0,45,,,,50,2022-01-01 15:15:00,0
2020-02-18 15:45:00,Flying Coaster,756.0,0,40,75.0,,255.0,30,2020-02-18 17:45:00,0
2022-04-22 17:00:00,Pirate Ship,303.167,0,45,30.0,,360.0,45,2022-04-22 19:00:00,0
2019-03-20 09:45:00,Water Ride,247.0,0,15,465.0,,615.0,25,2019-03-20 11:45:00,0
2020-10-23 13:00:00,Pirate Ship,280.5,0,20,,,,25,2020-10-23 15:00:00,0
2019-04-05 16:45:00,Flying Coaster,378.0,0,30,45.0,,315.0,5,2019-04-05 18:45:00,0
2019-07-10 12:45:00,Water Ride,247.0,0,25,285.0,,615.0,25,2019-07-10 14:45:00,0
2020-10-10 12:15:00,Water Ride,247.0,0,25,,,,30,2020-10-10 14:15:00,0
2020-10-06 14:15:00,Flying Coaster,724.5,0,5,,,,5,2020-10-06 16:15:00,0
2019-07-23 18:15:00,Flying Coaster,756.0,0,10,-45.0,,285.0,5,2019-07-23 20:15:00,0
2019-04-01 16:00:00,Water Ride,247.0,0,20,90.0,,360.0,20,2019-04-01 18:00:00,0
2022-02-19 13:45:00,Flying Coaster,756.0,0,20,,,,30,2022-02-19 15:45:00,0
2020-03-05 10:30:00,Water Ride,247.0,0,15,390.0,,540.0,35,2020-03-05 12:30:00,0
2022-01-12 13:30:00,Pirate Ship,153.0,0,35,,,,45,2022-01-12 15:30:00,0
2021-06-25 12:15:00,Water Ride,247.0,0,20,,,,20,2021-06-25 14:15:00,0
2020-10-08 11:45:00,Water Ride,247.0,0,5,,,,5,2020-10-08 13:45:00,0
2022-03-26 16:15:00,Pirate Ship,229.5,0,40,,,,60,2022-03-26 18:15:00,0
2022-01-23 10:15:00,Pirate Ship,306.0,0,20,,,,20,2022-01-23 12:15:00,0
2021-12-08 15:45:00,Flying Coaster,756.0,0,30,,,,20,2021-12-08 17:45:00,0
2022-02-08 11:45:00,Pirate Ship,153.0,0,35,,,,40,2022-02-08 13:45:00,0
2020-10-25 10:00:00,Pirate Ship,76.5,0,10,,,,15,2020-10-25 12:00:00,0
2021-12-18 11:45:00,Water Ride,247.0,0,45,,,,45,2021-12-18 13:45:00,0
2020-01-13 09:45:00,Pirate Ship,35.7,0,0,405.0,,525.0,45,2020-01-13 11:45:00,0
2021-12-08 11:45:00,Pirate Ship,255.0,0,60,,,,45,2021-12-08 13:45:00,0
2018-10-07 16:30:00,Flying Coaster,756.0,0,5,60.0,-260.0,270.0,5,2018-10-07 18:30:00,0
2021-12-13 18:30:00,Pirate Ship,216.75,0,25,,,,5,2021-12-13 20:30:00,0
2021-07-21 14:15:00,Water Ride,247.0,0,20,,,,20,2021-07-21 16:15:00,0
2021-11-12 13:45:00,Water Ride,247.0,0,30,,,,30,2021-11-12 15:45:00,0
2020-07-29 16:15:00,Flying Coaster,756.0,0,25,,,,5,2020-07-29 18:15:00,0
2022-06-27 15:00:00,Flying Coaster,756.0,0,35,150.0,,480.0,25,2022-06-27 17:00:00,0
2020-02-28 16:15:00,Pirate Ship,280.5,0,35,45.0,,225.0,40,2020-02-28 18:15:00,0
2018-10-24 17:15:00,Pirate Ship,246.5,0,30,15.0,-305.0,285.0,20,2018-10-24 19:15:00,0
2022-04-23 16:00:00,Water Ride,247.0,0,25,90.0,,420.0,30,2022-04-23 18:00:00,0
2018-10-07 16:30:00,Pirate Ship,149.317,0,25,60.0,-260.0,270.0,35,2018-10-07 18:30:00,0
2022-07-09 10:30:00,Pirate Ship,166.317,0,40,420.0,,750.0,15,2022-07-09 12:30:00,0
2020-10-15 10:30:00,Flying Coaster,756.0,0,15,,,,5,2020-10-15 12:30:00,0
2020-07-15 12:45:00,Flying Coaster,756.0,0,5,,,,5,2020-07-15 14:45:00,0
2022-07-25 13:45:00,Water Ride,16.4667,14,35,225.0,,555.0,25,2022-07-25 15:45:00,0
2022-05-24 14:15:00,Flying Coaster,756.0,0,50,195.0,,525.0,30,2022-05-24 16:15:00,0
2018-10-29 10:30:00,Flying Coaster,756.0,0,5,420.0,100.0,690.0,45,2018-10-29 12:30:00,0
2019-12-27 16:30:00,Water Ride,247.0,0,45,30.0,-270.0,330.0,45,2019-12-27 18:30:00,0
2022-07-16 14:30:00,Water Ride,247.0,0,30,180.0,,510.0,15,2022-07-16 16:30:00,0
2020-03-01 14:30:00,Flying Coaster,756.0,0,35,150.0,,330.0,20,2020-03-01 16:30:00,0
2020-01-04 10:00:00,Water Ride,247.0,0,20,420.0,120.0,720.0,45,2020-01-04 12:00:00,0
2019-03-05 10:00:00,Flying Coaster,201.6,8,10,420.0,,570.0,30,2019-03-05 12:00:00,0
2022-01-07 10:45:00,Flying Coaster,730.8,0,45,,,,20,2022-01-07 12:45:00,0
2022-06-06 11:15:00,Flying Coaster,756.0,0,35,375.0,,705.0,50,2022-06-06 13:15:00,0
2021-06-26 15:15:00,Pirate Ship,280.5,0,30,,,,25,2021-06-26 17:15:00,0
2019-12-20 15:00:00,Flying Coaster,756.0,0,25,120.0,-180.0,240.0,5,2019-12-20 17:00:00,0
2018-10-31 10:30:00,Flying Coaster,756.0,0,5,360.0,115.0,490.0,20,2018-10-31 12:30:00,0
2022-03-12 14:00:00,Water Ride,247.0,0,45,,,,40,2022-03-12 16:00:00,0
2021-07-21 14:15:00,Pirate Ship,280.5,0,35,,,,35,2021-07-21 16:15:00,0
2021-07-15 16:15:00,Flying Coaster,756.0,0,30,,,,10,2021-07-15 18:15:00,0
2020-03-09 13:30:00,Water Ride,247.0,0,15,210.0,,360.0,15,2020-03-09 15:30:00,0
2019-01-08 10:00:00,Flying Coaster,441.0,0,5,390.0,,480.0,10,2019-01-08 12:00:00,0
2020-10-17 12:30:00,Water Ride,247.0,0,20,,,,20,2020-10-17 14:30:00,0
2022-06-03 17:00:00,Water Ride,247.0,0,30,30.0,,360.0,40,2022-06-03 19:00:00,0
2020-10-05 12:15:00,Pirate Ship,51.5667,0,5,,,,15,2020-10-05 14:15:00,0
2021-12-03 13:45:00,Pirate Ship,148.75,0,5,,,,25,2021-12-03 15:45:00,0
2019-08-24 11:15:00,Flying Coaster,756.0,0,15,375.0,,705.0,45,2019-08-24 13:15:00,0
2019-12-25 17:15:00,Pirate Ship,204.0,0,35,-15.0,-315.0,285.0,45,2019-12-25 19:15:00,0
2019-04-16 15:15:00,Water Ride,247.0,0,30,135.0,,405.0,25,2019-04-16 17:15:00,0
2021-10-17 16:45:00,Pirate Ship,301.75,0,35,,,,15,2021-10-17 18:45:00,0
2019-07-28 12:00:00,Water Ride,247.0,0,25,330.0,,660.0,25,2019-07-28 14:00:00,0
2020-09-03 14:15:00,Water Ride,247.0,0,5,,,,5,2020-09-03 16:15:00,0
2021-12-04 11:00:00,Water Ride,247.0,0,35,,,,35,2021-12-04 13:00:00,0
2022-03-19 11:45:00,Flying Coaster,756.0,0,35,,,,55,2022-03-19 13:45:00,0
2022-04-28 13:15:00,Flying Coaster,756.0,0,40,255.0,,585.0,45,2022-04-28 15:15:00,0
2019-04-20 11:45:00,Flying Coaster,756.0,0,45,345.0,,615.0,50,2019-04-20 13:45:00,0
2020-02-20 14:30:00,Pirate Ship,280.5,0,60,150.0,,330.0,60,2020-02-20 16:30:00,0
2021-07-05 13:45:00,Water Ride,247.0,0,10,,,,15,2021-07-05 15:45:00,0
2018-11-06 13:15:00,Water Ride,224.5,0,15,255.0,,345.0,15,2018-11-06 15:15:00,0
2019-03-02 09:45:00,Flying Coaster,352.8,0,10,435.0,,615.0,40,2019-03-02 11:45:00,0
2022-06-21 10:15:00,Water Ride,247.0,0,20,435.0,,765.0,40,2022-06-21 12:15:00,0
2022-05-21 10:15:00,Pirate Ship,153.0,0,50,435.0,,765.0,65,2022-05-21 12:15:00,0
2022-05-27 16:00:00,Flying Coaster,756.0,0,40,90.0,,420.0,15,2022-05-27 18:00:00,0
2019-07-02 10:00:00,Water Ride,247.0,0,15,450.0,,780.0,25,2019-07-02 12:00:00,0
2019-11-03 14:15:00,Water Ride,247.0,0,30,195.0,-105.0,405.0,30,2019-11-03 16:15:00,0
2022-05-12 10:45:00,Water Ride,247.0,0,20,405.0,,735.0,20,2022-05-12 12:45:00,0
2020-01-13 09:45:00,Flying Coaster,504.0,0,0,405.0,,525.0,15,2020-01-13 11:45:00,0
2022-05-29 14:30:00,Flying Coaster,756.0,0,35,180.0,,510.0,15,2022-05-29 16:30:00,0
2022-07-10 16:00:00,Pirate Ship,306.0,0,30,90.0,,420.0,40,2022-07-10 18:00:00,0
2020-03-10 12:30:00,Flying Coaster,756.0,0,5,270.0,,420.0,5,2020-03-10 14:30:00,0
2018-11-17 16:15:00,Water Ride,16.4667,14,15,-255.0,15.0,345.0,45,2018-11-17 18:15:00,0
2020-03-10 12:30:00,Pirate Ship,147.9,0,25,270.0,,420.0,35,2020-03-10 14:30:00,0
2019-06-07 16:45:00,Water Ride,247.0,0,25,45.0,,375.0,25,2019-06-07 18:45:00,0
2022-08-10 10:45:00,Flying Coaster,756.0,0,15,405.0,,735.0,25,2022-08-10 12:45:00,0
2019-07-14 17:15:00,Water Ride,247.0,0,25,15.0,,345.0,20,2019-07-14 19:15:00,0
2022-06-23 15:30:00,Pirate Ship,306.0,0,50,120.0,,450.0,35,2022-06-23 17:30:00,0
2022-04-10 15:30:00,Pirate Ship,301.75,0,40,120.0,,450.0,35,2022-04-10 17:30:00,0
2022-02-22 14:30:00,Water Ride,247.0,0,30,,,,35,2022-02-22 16:30:00,0
2020-01-02 17:15:00,Flying Coaster,756.0,0,35,-15.0,-315.0,285.0,35,2020-01-02 19:15:00,0
2018-10-01 10:15:00,Water Ride,224.5,0,5,435.0,115.0,585.0,20,2018-10-01 12:15:00,0
2018-10-11 13:15:00,Pirate Ship,272.0,0,15,255.0,-65.0,405.0,20,2018-10-11 15:15:00,0
2022-04-01 10:30:00,Water Ride,247.0,0,10,420.0,,630.0,20,2022-04-01 12:30:00,0
2021-12-05 16:00:00,Flying Coaster,756.0,0,30,,,,5,2021-12-05 18:00:00,0
2019-02-09 13:45:00,Water Ride,242.5,0,25,195.0,,375.0,35,2019-02-09 15:45:00,0
2022-03-30 16:30:00,Flying Coaster,756.0,0,15,,,,10,2022-03-30 18:30:00,0
2021-11-04 12:45:00,Flying Coaster,756.0,0,40,,,,30,2021-11-04 14:45:00,0
2022-06-16 18:15:00,Pirate Ship,293.25,0,40,-45.0,,285.0,45,2022-06-16 20:15:00,0
2022-04-23 16:00:00,Pirate Ship,306.0,0,35,90.0,,420.0,25,2022-04-23 18:00:00,0
2020-09-02 12:30:00,Water Ride,247.0,0,10,,,,5,2020-09-02 14:30:00,0
2022-05-07 11:15:00,Water Ride,247.0,0,30,375.0,,705.0,35,2022-05-07 13:15:00,0
2018-11-11 10:15:00,Flying Coaster,151.2,10,5,405.0,95.0,645.0,25,2018-11-11 12:15:00,0
2019-05-04 14:45:00,Water Ride,247.0,0,25,165.0,,435.0,25,2019-05-04 16:45:00,0
2019-09-24 14:30:00,Water Ride,224.5,0,15,240.0,,360.0,15,2019-09-24 16:30:00,0
2021-07-16 13:00:00,Water Ride,247.0,0,25,,,,30,2021-07-16 15:00:00,0
2021-12-23 15:00:00,Pirate Ship,293.25,0,40,,,,45,2021-12-23 17:00:00,0
2019-09-01 13:45:00,Water Ride,247.0,0,20,225.0,,495.0,25,2019-09-01 15:45:00,0
2022-03-14 10:45:00,Flying Coaster,756.0,0,5,,,,15,2022-03-14 12:45:00,0
2022-06-07 14:00:00,Pirate Ship,306.0,0,45,210.0,,540.0,35,2022-06-07 16:00:00,0
2020-02-14 14:00:00,Water Ride,247.0,0,25,180.0,,300.0,30,2020-02-14 16:00:00,0
2019-08-06 17:00:00,Flying Coaster,756.0,0,15,30.0,,360.0,5,2019-08-06 19:00:00,0
2022-05-07 15:45:00,Water Ride,247.0,0,40,105.0,,435.0,20,2022-05-07 17:45:00,0
2019-05-02 10:15:00,Water Ride,224.5,0,10,435.0,,705.0,35,2019-05-02 12:15:00,0
2019-10-13 13:00:00,Flying Coaster,756.0,0,40,270.0,-30.0,480.0,35,2019-10-13 15:00:00,0
2020-08-11 12:15:00,Flying Coaster,756.0,0,35,,,,35,2020-08-11 14:15:00,0
2019-03-17 09:15:00,Water Ride,247.0,0,15,465.0,,645.0,35,2019-03-17 11:15:00,0
2021-12-15 13:30:00,Pirate Ship,216.75,0,40,,,,45,2021-12-15 15:30:00,0
2019-10-24 17:00:00,Water Ride,247.0,0,45,30.0,-270.0,300.0,25,2019-10-24 19:00:00,0
2022-04-21 18:00:00,Pirate Ship,297.5,0,40,-30.0,,300.0,45,2022-04-21 20:00:00,0
2018-12-27 17:00:00,Flying Coaster,756.0,0,50,0.0,-310.0,300.0,35,2018-12-27 19:00:00,0
2022-04-06 14:15:00,Pirate Ship,153.0,0,40,195.0,,525.0,45,2022-04-06 16:15:00,0
2021-12-22 17:00:00,Pirate Ship,301.75,0,20,,,,15,2021-12-22 19:00:00,0
2019-09-13 13:00:00,Water Ride,247.0,0,30,270.0,,480.0,20,2019-09-13 15:00:00,0
2020-07-23 15:00:00,Water Ride,247.0,0,15,,,,15,2020-07-23 17:00:00,0
2019-07-24 13:30:00,Water Ride,224.5,0,20,240.0,,570.0,20,2019-07-24 15:30:00,0
2022-07-07 18:30:00,Pirate Ship,297.5,0,35,-60.0,,270.0,60,2022-07-07 20:30:00,0
2021-08-10 16:30:00,Pirate Ship,280.5,0,30,,,,25,2021-08-10 18:30:00,0
2021-09-21 13:00:00,Pirate Ship,175.667,0,15,,,,10,2021-09-21 15:00:00,0
2019-09-05 14:00:00,Flying Coaster,756.0,0,25,210.0,,420.0,15,2019-09-05 16:00:00,0
2021-11-24 12:15:00,Pirate Ship,153.0,0,35,,,,20,2021-11-24 14:15:00,0
2022-04-02 18:00:00,Flying Coaster,756.0,0,15,-30.0,,300.0,5,2022-04-02 20:00:00,0
2022-02-14 09:45:00,Pirate Ship,153.0,0,15,,,,40,2022-02-14 11:45:00,0
2019-04-18 13:30:00,Water Ride,247.0,0,40,240.0,,510.0,40,2019-04-18 15:30:00,0
2021-12-13 14:00:00,Pirate Ship,216.75,0,40,,,,40,2021-12-13 16:00:00,0
2019-06-23 17:00:00,Water Ride,115.267,8,20,30.0,,360.0,25,2019-06-23 19:00:00,0
2021-06-15 13:30:00,Water Ride,224.5,0,5,,,,5,2021-06-15 15:30:00,0
2018-11-10 13:15:00,Flying Coaster,756.0,0,30,225.0,-85.0,525.0,35,2018-11-10 15:15:00,0
2020-10-12 12:15:00,Water Ride,247.0,0,15,,,,5,2020-10-12 14:15:00,0
2022-05-27 16:00:00,Pirate Ship,306.0,0,50,90.0,,420.0,30,2022-05-27 18:00:00,0
2021-10-01 10:30:00,Pirate Ship,76.5,0,15,,,,15,2021-10-01 12:30:00,0
2019-07-22 15:45:00,Water Ride,224.5,0,25,105.0,,435.0,15,2019-07-22 17:45:00,0
2021-10-26 13:00:00,Pirate Ship,306.0,0,30,,,,40,2021-10-26 15:00:00,0
2021-12-15 13:30:00,Flying Coaster,756.0,0,25,,,,35,2021-12-15 15:30:00,0
2020-10-23 13:00:00,Water Ride,247.0,0,20,,,,20,2020-10-23 15:00:00,0
2020-10-09 12:30:00,Water Ride,247.0,0,15,,,,5,2020-10-09 14:30:00,0
2022-08-07 18:45:00,Pirate Ship,301.75,0,35,-75.0,,255.0,30,2022-08-07 20:45:00,0
2019-11-04 10:15:00,Flying Coaster,756.0,0,5,435.0,,525.0,5,2019-11-04 12:15:00,0
2018-11-25 15:45:00,Flying Coaster,756.0,0,20,75.0,-235.0,315.0,20,2018-11-25 17:45:00,0
2020-02-22 15:45:00,Flying Coaster,756.0,0,50,75.0,,315.0,45,2020-02-22 17:45:00,0
2021-07-01 09:45:00,Flying Coaster,218.4,0,10,,,,25,2021-07-01 11:45:00,0
2020-10-13 10:45:00,Water Ride,247.0,0,5,,,,5,2020-10-13 12:45:00,0
2020-02-16 10:30:00,Flying Coaster,756.0,0,15,390.0,,570.0,30,2020-02-16 12:30:00,0
2022-04-10 15:30:00,Flying Coaster,756.0,0,35,120.0,,450.0,15,2022-04-10 17:30:00,0
2022-05-07 11:15:00,Flying Coaster,756.0,0,40,375.0,,705.0,45,2022-05-07 13:15:00,0
2018-12-02 17:15:00,Flying Coaster,756.0,0,20,-15.0,-325.0,225.0,15,2018-12-02 19:15:00,0
2019-05-12 15:45:00,Water Ride,247.0,0,25,105.0,,405.0,15,2019-05-12 17:45:00,0
2022-05-06 13:45:00,Water Ride,247.0,0,35,225.0,,555.0,35,2022-05-06 15:45:00,0
2020-01-17 12:45:00,Pirate Ship,153.0,0,35,225.0,,345.0,30,2020-01-17 14:45:00,0
2019-08-14 14:45:00,Water Ride,224.5,0,35,165.0,,495.0,35,2019-08-14 16:45:00,0
2019-05-25 12:00:00,Water Ride,247.0,0,30,330.0,,660.0,30,2019-05-25 14:00:00,0
2020-09-13 13:15:00,Water Ride,247.0,0,15,,,,15,2020-09-13 15:15:00,0
2019-02-11 14:00:00,Water Ride,224.5,0,40,180.0,,300.0,45,2019-02-11 16:00:00,0
2022-06-27 15:00:00,Pirate Ship,306.0,0,35,150.0,,480.0,30,2022-06-27 17:00:00,0
2018-10-01 10:15:00,Flying Coaster,378.0,0,5,435.0,115.0,585.0,10,2018-10-01 12:15:00,0
2019-09-22 14:15:00,Water Ride,247.0,0,30,195.0,,405.0,25,2019-09-22 16:15:00,0
2019-05-25 12:00:00,Flying Coaster,756.0,0,25,330.0,,660.0,35,2019-05-25 14:00:00,0
2022-04-22 11:45:00,Flying Coaster,756.0,0,40,345.0,,675.0,45,2022-04-22 13:45:00,0
2018-10-13 17:15:00,Flying Coaster,756.0,0,45,15.0,-305.0,285.0,40,2018-10-13 19:15:00,0
2021-11-09 13:30:00,Flying Coaster,756.0,0,5,,,,5,2021-11-09 15:30:00,0
2019-08-09 13:30:00,Flying Coaster,756.0,0,15,240.0,,570.0,20,2019-08-09 15:30:00,0
2022-05-03 13:30:00,Flying Coaster,756.0,0,30,240.0,,570.0,30,2022-05-03 15:30:00,0
2020-09-03 10:15:00,Flying Coaster,756.0,0,5,,,,10,2020-09-03 12:15:00,0
2019-08-17 16:45:00,Flying Coaster,756.0,0,5,45.0,,375.0,5,2019-08-17 18:45:00,0
2020-01-12 11:30:00,Flying Coaster,756.0,0,25,300.0,,450.0,25,2020-01-12 13:30:00,0
2020-02-22 11:30:00,Water Ride,65.8667,11,20,330.0,,570.0,45,2020-02-22 13:30:00,0
2022-05-29 14:30:00,Pirate Ship,306.0,0,40,180.0,,510.0,30,2022-05-29 16:30:00,0
2019-11-11 14:15:00,Flying Coaster,756.0,0,35,165.0,-135.0,285.0,25,2019-11-11 16:15:00,0
2018-10-04 15:15:00,Flying Coaster,756.0,0,30,135.0,-185.0,285.0,30,2018-10-04 17:15:00,0
2018-10-23 17:00:00,Flying Coaster,756.0,0,50,30.0,-290.0,300.0,45,2018-10-23 19:00:00,0
2019-02-28 11:15:00,Water Ride,247.0,0,25,345.0,,495.0,35,2019-02-28 13:15:00,0
2019-03-28 10:30:00,Flying Coaster,756.0,0,5,420.0,,570.0,35,2019-03-28 12:30:00,0
2019-07-26 15:15:00,Water Ride,247.0,0,30,135.0,,465.0,20,2019-07-26 17:15:00,0
2021-11-05 12:00:00,Water Ride,247.0,0,40,,,,40,2021-11-05 14:00:00,0
2022-08-02 10:30:00,Pirate Ship,297.5,0,30,420.0,,750.0,35,2022-08-02 12:30:00,0
2022-06-02 17:45:00,Flying Coaster,756.0,0,15,-15.0,,315.0,15,2022-06-02 19:45:00,0
2019-07-01 12:45:00,Water Ride,247.0,0,15,285.0,,615.0,25,2019-07-01 14:45:00,0
2022-07-07 12:00:00,Pirate Ship,306.0,0,30,330.0,,660.0,35,2022-07-07 14:00:00,0
2022-04-12 10:30:00,Flying Coaster,756.0,0,30,420.0,,750.0,45,2022-04-12 12:30:00,0
2020-08-27 14:45:00,Pirate Ship,191.25,0,50,,,,45,2020-08-27 16:45:00,0
2021-12-13 18:30:00,Water Ride,247.0,0,40,,,,5,2021-12-13 20:30:00,0
2022-02-22 14:30:00,Pirate Ship,229.5,0,25,,,,45,2022-02-22 16:30:00,0
2022-06-06 11:15:00,Pirate Ship,306.0,0,45,375.0,,705.0,40,2022-06-06 13:15:00,0
2019-05-20 13:30:00,Water Ride,247.0,0,20,240.0,,570.0,15,2019-05-20 15:30:00,0
2022-02-06 12:30:00,Water Ride,247.0,0,30,,,,30,2022-02-06 14:30:00,0
2022-06-03 17:00:00,Pirate Ship,306.0,0,40,30.0,,360.0,35,2022-06-03 19:00:00,0
2021-07-05 13:45:00,Pirate Ship,280.5,0,15,,,,20,2021-07-05 15:45:00,0
2018-10-31 10:30:00,Water Ride,202.0,0,30,360.0,115.0,490.0,25,2018-10-31 12:30:00,0
2020-01-21 10:45:00,Pirate Ship,153.0,0,30,345.0,,465.0,20,2020-01-21 12:45:00,0
2022-08-03 15:45:00,Water Ride,247.0,0,35,105.0,,435.0,15,2022-08-03 17:45:00,0
2022-07-06 11:45:00,Flying Coaster,756.0,0,30,345.0,,675.0,25,2022-07-06 13:45:00,0
2019-11-06 12:30:00,Water Ride,247.0,0,10,300.0,,390.0,15,2019-11-06 14:30:00,0
2019-03-20 09:45:00,Flying Coaster,170.1,0,0,465.0,,615.0,25,2019-03-20 11:45:00,0
2021-10-31 15:00:00,Water Ride,247.0,0,30,,,,30,2021-10-31 17:00:00,0
2020-01-11 15:45:00,Pirate Ship,153.0,0,75,45.0,,255.0,45,2020-01-11 17:45:00,0
2022-02-18 11:00:00,Flying Coaster,756.0,0,20,,,,5,2022-02-18 13:00:00,0
2021-09-22 12:15:00,Flying Coaster,630.0,0,30,,,,5,2021-09-22 14:15:00,0
2019-05-27 09:00:00,Water Ride,202.0,0,5,510.0,,840.0,15,2019-05-27 11:00:00,0
2022-01-22 11:45:00,Water Ride,247.0,0,35,,,,30,2022-01-22 13:45:00,0
2019-07-24 18:00:00,Water Ride,224.5,0,20,-30.0,,300.0,20,2019-07-24 20:00:00,0
2021-09-03 13:00:00,Water Ride,224.5,0,20,,,,20,2021-09-03 15:00:00,0
2019-02-12 13:15:00,Flying Coaster,756.0,0,15,225.0,,345.0,5,2019-02-12 15:15:00,0
2020-10-17 12:30:00,Flying Coaster,756.0,0,35,,,,45,2020-10-17 14:30:00,0
2018-12-12 13:30:00,Flying Coaster,756.0,0,15,210.0,-100.0,390.0,25,2018-12-12 15:30:00,0
2021-09-29 14:00:00,Water Ride,224.5,0,10,,,,15,2021-09-29 16:00:00,0
2018-11-14 12:30:00,Flying Coaster,346.5,0,40,270.0,-40.0,390.0,25,2018-11-14 14:30:00,0
2022-03-17 13:00:00,Pirate Ship,153.0,0,30,,,,30,2022-03-17 15:00:00,0
2020-10-13 10:45:00,Pirate Ship,46.75,0,10,,,,5,2020-10-13 12:45:00,0
2020-10-26 14:30:00,Pirate Ship,276.533,0,30,,,,50,2020-10-26 16:30:00,0
2021-11-08 12:45:00,Flying Coaster,756.0,0,15,,,,10,2021-11-08 14:45:00,0
2021-08-20 10:45:00,Water Ride,247.0,0,25,,,,25,2021-08-20 12:45:00,0
2022-08-09 17:30:00,Water Ride,247.0,0,20,0.0,,330.0,30,2022-08-09 19:30:00,0
2020-08-06 09:30:00,Pirate Ship,20.4,0,15,,,,30,2020-08-06 11:30:00,0
2021-09-13 13:45:00,Water Ride,247.0,0,15,,,,20,2021-09-13 15:45:00,0
2019-12-10 12:00:00,Flying Coaster,756.0,0,10,300.0,0.0,420.0,10,2019-12-10 14:00:00,0
2019-02-06 12:00:00,Flying Coaster,756.0,0,5,300.0,,420.0,5,2019-02-06 14:00:00,0
2019-04-04 15:45:00,Water Ride,247.0,0,20,105.0,,375.0,10,2019-04-04 17:45:00,0
2018-12-25 14:30:00,Water Ride,247.0,0,35,150.0,-160.0,450.0,45,2018-12-25 16:30:00,0
2018-11-01 11:00:00,Water Ride,179.75,0,40,390.0,70.0,660.0,40,2018-11-01 13:00:00,0
2018-12-14 17:00:00,Flying Coaster,756.0,0,15,0.0,-310.0,120.0,5,2018-12-14 19:00:00,0
2021-06-25 12:15:00,Flying Coaster,756.0,0,35,,,,35,2021-06-25 14:15:00,0
2021-11-13 17:00:00,Flying Coaster,756.0,0,40,,,,15,2021-11-13 19:00:00,0
2020-09-02 12:30:00,Pirate Ship,136.0,0,20,,,,25,2020-09-02 14:30:00,0
2020-08-31 13:45:00,Pirate Ship,136.0,0,30,,,,20,2020-08-31 15:45:00,0
2019-04-26 17:00:00,Water Ride,247.0,0,30,30.0,,300.0,30,2019-04-26 19:00:00,0
2019-05-26 14:00:00,Water Ride,247.0,0,10,210.0,,540.0,25,2019-05-26 16:00:00,0
2021-11-09 13:30:00,Pirate Ship,225.25,0,10,,,,15,2021-11-09 15:30:00,0
2022-01-06 14:15:00,Pirate Ship,190.4,0,40,,,,60,2022-01-06 16:15:00,0
2020-02-22 11:30:00,Pirate Ship,263.5,0,80,330.0,,570.0,75,2020-02-22 13:30:00,0
2020-08-16 13:45:00,Pirate Ship,199.75,0,20,,,,30,2020-08-16 15:45:00,0
2021-06-30 13:00:00,Flying Coaster,756.0,0,45,,,,40,2021-06-30 15:00:00,0
2021-07-09 17:15:00,Pirate Ship,280.5,0,30,,,,20,2021-07-09 19:15:00,0
2021-10-11 14:45:00,Pirate Ship,301.75,0,20,,,,20,2021-10-11 16:45:00,0
2022-02-09 14:30:00,Pirate Ship,153.0,0,45,,,,40,2022-02-09 16:30:00,0
2019-04-24 14:15:00,Flying Coaster,756.0,0,45,195.0,,465.0,45,2019-04-24 16:15:00,0
2021-10-02 14:15:00,Pirate Ship,306.0,0,25,,,,10,2021-10-02 16:15:00,0
2019-09-03 13:30:00,Water Ride,224.5,0,30,240.0,,450.0,25,2019-09-03 15:30:00,0
2019-09-25 14:45:00,Flying Coaster,756.0,0,5,225.0,,345.0,5,2019-09-25 16:45:00,0
2019-02-15 11:15:00,Water Ride,224.5,0,15,345.0,,465.0,15,2019-02-15 13:15:00,0
2020-01-21 10:45:00,Flying Coaster,756.0,0,5,345.0,,465.0,5,2020-01-21 12:45:00,0
2021-09-13 13:45:00,Flying Coaster,630.0,0,25,,,,40,2021-09-13 15:45:00,0
2019-12-14 14:00:00,Water Ride,224.5,0,30,180.0,-120.0,480.0,45,2019-12-14 16:00:00,0
2020-08-23 15:00:00,Pirate Ship,263.5,0,25,,,,15,2020-08-23 17:00:00,0
2020-01-12 11:30:00,Pirate Ship,151.017,0,55,300.0,,450.0,45,2020-01-12 13:30:00,0
2019-08-23 10:45:00,Water Ride,98.8,9,15,405.0,,735.0,30,2019-08-23 12:45:00,0
2020-10-20 10:15:00,Flying Coaster,504.0,5,5,,,,30,2020-10-20 12:15:00,0
2021-12-06 11:45:00,Water Ride,247.0,0,40,,,,50,2021-12-06 13:45:00,0
2019-07-28 12:00:00,Flying Coaster,756.0,0,15,330.0,,660.0,40,2019-07-28 14:00:00,0
2022-04-28 17:15:00,Water Ride,247.0,0,25,15.0,,345.0,40,2022-04-28 19:15:00,0
2019-04-23 10:45:00,Flying Coaster,756.0,0,20,405.0,,675.0,70,2019-04-23 12:45:00,0
2020-07-23 15:00:00,Flying Coaster,756.0,0,10,,,,10,2020-07-23 17:00:00,0
2022-05-30 12:15:00,Water Ride,247.0,0,45,315.0,,645.0,30,2022-05-30 14:15:00,0
2022-02-08 11:45:00,Water Ride,247.0,0,30,,,,30,2022-02-08 13:45:00,0
2020-07-15 12:45:00,Water Ride,247.0,0,5,,,,5,2020-07-15 14:45:00,0
2019-09-22 14:15:00,Flying Coaster,756.0,0,35,195.0,,405.0,25,2019-09-22 16:15:00,0
2021-08-02 14:00:00,Water Ride,247.0,0,20,,,,40,2021-08-02 16:00:00,0
2018-10-13 17:15:00,Pirate Ship,280.5,0,45,15.0,-305.0,285.0,45,2018-10-13 19:15:00,0
2018-11-01 11:00:00,Flying Coaster,756.0,0,5,390.0,70.0,660.0,40,2018-11-01 13:00:00,0
2019-06-04 17:45:00,Water Ride,247.0,0,15,-15.0,,315.0,15,2019-06-04 19:45:00,0
2020-08-27 14:45:00,Flying Coaster,756.0,0,30,,,,35,2020-08-27 16:45:00,0
2022-07-31 15:30:00,Pirate Ship,301.75,0,35,120.0,,450.0,20,2022-07-31 17:30:00,0
2020-02-17 10:30:00,Flying Coaster,756.0,0,5,390.0,,570.0,40,2020-02-17 12:30:00,0
2019-10-28 13:30:00,Flying Coaster,302.4,9,40,240.0,-60.0,510.0,50,2019-10-28 15:30:00,0
2022-05-11 15:45:00,Flying Coaster,756.0,0,35,105.0,,435.0,5,2022-05-11 17:45:00,0
2019-08-13 10:30:00,Flying Coaster,756.0,0,10,420.0,,750.0,45,2019-08-13 12:30:00,0
2022-04-27 14:30:00,Pirate Ship,153.0,0,55,180.0,,510.0,40,2022-04-27 16:30:00,0
2022-07-16 14:30:00,Flying Coaster,756.0,0,35,180.0,,510.0,15,2022-07-16 16:30:00,0
2020-01-16 13:15:00,Pirate Ship,153.0,0,35,195.0,,315.0,45,2020-01-16 15:15:00,0
2022-07-08 10:15:00,Flying Coaster,630.0,0,5,435.0,,765.0,10,2022-07-08 12:15:00,0
2020-07-16 15:45:00,Flying Coaster,756.0,0,15,,,,15,2020-07-16 17:45:00,0
2020-09-07 13:30:00,Flying Coaster,756.0,0,5,,,,15,2020-09-07 15:30:00,0
2021-07-28 14:15:00,Flying Coaster,756.0,0,20,,,,20,2021-07-28 16:15:00,0
2019-11-03 09:30:00,Water Ride,230.533,0,5,480.0,180.0,690.0,25,2019-11-03 11:30:00,0
2021-11-17 11:00:00,Pirate Ship,153.0,0,25,,,,25,2021-11-17 13:00:00,0
2019-09-03 13:30:00,Flying Coaster,756.0,0,30,240.0,,450.0,30,2019-09-03 15:30:00,0
2021-12-01 13:00:00,Pirate Ship,153.0,0,45,,,,25,2021-12-01 15:00:00,0
2020-08-16 13:45:00,Water Ride,224.5,0,15,,,,5,2020-08-16 15:45:00,0
2022-07-08 10:15:00,Water Ride,247.0,0,15,435.0,,765.0,25,2022-07-08 12:15:00,0
2019-10-30 17:00:00,Flying Coaster,756.0,0,45,30.0,-270.0,300.0,30,2019-10-30 19:00:00,0
2020-03-06 13:15:00,Water Ride,247.0,0,25,225.0,,375.0,25,2020-03-06 15:15:00,0
2019-06-06 16:45:00,Water Ride,247.0,0,30,45.0,,375.0,25,2019-06-06 18:45:00,0
2018-11-02 14:45:00,Water Ride,179.75,0,40,165.0,-155.0,435.0,60,2018-11-02 16:45:00,0
2019-01-03 18:00:00,Flying Coaster,756.0,0,55,-60.0,-370.0,240.0,25,2019-01-03 20:00:00,0
2022-07-31 11:15:00,Pirate Ship,304.867,0,40,375.0,,705.0,30,2022-07-31 13:15:00,0
2021-06-18 12:30:00,Water Ride,247.0,0,15,,,,15,2021-06-18 14:30:00,0
2022-07-19 18:00:00,Water Ride,247.0,0,25,-30.0,,300.0,25,2022-07-19 20:00:00,0
2022-05-25 15:45:00,Flying Coaster,756.0,0,35,105.0,,435.0,15,2022-05-25 17:45:00,0
2021-09-12 11:30:00,Water Ride,247.0,0,20,,,,20,2021-09-12 13:30:00,0
2022-01-07 10:45:00,Pirate Ship,153.0,0,25,,,,40,2022-01-07 12:45:00,0
2022-02-05 16:45:00,Pirate Ship,301.75,0,25,,,,30,2022-02-05 18:45:00,0
2019-12-27 12:30:00,Flying Coaster,756.0,0,45,270.0,-30.0,570.0,60,2019-12-27 14:30:00,0
2021-09-24 14:15:00,Pirate Ship,216.75,0,15,,,,20,2021-09-24 16:15:00,0
2020-10-24 10:15:00,Pirate Ship,153.0,0,25,,,,25,2020-10-24 12:15:00,0
2022-04-28 17:15:00,Pirate Ship,221.0,0,40,15.0,,345.0,40,2022-04-28 19:15:00,0
2022-01-20 10:30:00,Pirate Ship,153.0,0,15,,,,15,2022-01-20 12:30:00,0
2019-08-12 16:45:00,Water Ride,224.5,0,50,45.0,,375.0,50,2019-08-12 18:45:00,0
2019-05-23 12:30:00,Water Ride,247.0,0,30,300.0,,630.0,20,2019-05-23 14:30:00,0
2020-01-11 15:45:00,Flying Coaster,756.0,0,60,45.0,,255.0,40,2020-01-11 17:45:00,0
2020-10-10 12:15:00,Pirate Ship,280.5,0,30,,,,25,2020-10-10 14:15:00,0
2019-02-09 13:45:00,Flying Coaster,756.0,0,40,195.0,,375.0,30,2019-02-09 15:45:00,0
2019-04-23 17:00:00,Flying Coaster,756.0,0,45,30.0,,300.0,30,2019-04-23 19:00:00,0
2019-09-02 13:45:00,Flying Coaster,756.0,0,30,225.0,,435.0,25,2019-09-02 15:45:00,0
2018-12-23 15:45:00,Flying Coaster,756.0,0,35,75.0,-235.0,375.0,25,2018-12-23 17:45:00,0
2020-01-20 11:30:00,Pirate Ship,153.0,0,30,300.0,,420.0,30,2020-01-20 13:30:00,0
2022-06-13 15:00:00,Flying Coaster,756.0,0,50,150.0,,480.0,40,2022-06-13 17:00:00,0
2019-10-10 09:30:00,Water Ride,49.4,0,0,480.0,180.0,630.0,25,2019-10-10 11:30:00,0
2019-07-17 18:15:00,Flying Coaster,756.0,0,25,-45.0,,285.0,20,2019-07-17 20:15:00,0
2020-09-16 12:45:00,Water Ride,247.0,0,10,,,,10,2020-09-16 14:45:00,0
2020-09-24 12:45:00,Pirate Ship,119.0,0,5,,,,5,2020-09-24 14:45:00,0
2020-10-26 09:30:00,Water Ride,131.733,0,5,,,,20,2020-10-26 11:30:00,0
2021-10-14 10:15:00,Pirate Ship,153.0,0,10,,,,20,2021-10-14 12:15:00,0
2020-07-25 12:15:00,Flying Coaster,756.0,0,20,,,,35,2020-07-25 14:15:00,0
2021-10-09 13:30:00,Flying Coaster,756.0,0,40,,,,40,2021-10-09 15:30:00,0
2019-12-28 12:30:00,Flying Coaster,756.0,0,35,270.0,-30.0,570.0,60,2019-12-28 14:30:00,0
2022-06-17 10:15:00,Flying Coaster,756.0,0,10,435.0,,765.0,35,2022-06-17 12:15:00,0
2019-11-28 14:15:00,Flying Coaster,756.0,0,10,165.0,-135.0,285.0,10,2019-11-28 16:15:00,0
2019-06-27 18:00:00,Flying Coaster,378.0,0,15,-30.0,,300.0,10,2019-06-27 20:00:00,0
2018-10-31 10:30:00,Pirate Ship,221.0,0,15,360.0,115.0,490.0,20,2018-10-31 12:30:00,0
2021-08-29 10:45:00,Flying Coaster,680.4,0,15,,,,20,2021-08-29 12:45:00,0
2021-09-26 12:30:00,Flying Coaster,756.0,0,40,,,,40,2021-09-26 14:30:00,0
2019-01-28 12:30:00,Flying Coaster,756.0,0,5,240.0,,360.0,10,2019-01-28 14:30:00,0
2022-05-24 14:15:00,Pirate Ship,297.5,0,25,195.0,,525.0,45,2022-05-24 16:15:00,0
2022-05-10 13:45:00,Flying Coaster,756.0,0,30,225.0,,555.0,25,2022-05-10 15:45:00,0
2020-08-19 12:30:00,Flying Coaster,756.0,0,20,,,,35,2020-08-19 14:30:00,0
2019-04-01 16:00:00,Flying Coaster,756.0,0,35,90.0,,360.0,10,2019-04-01 18:00:00,0
2019-07-28 18:15:00,Flying Coaster,756.0,0,15,-45.0,,285.0,30,2019-07-28 20:15:00,0
2020-07-20 10:30:00,Flying Coaster,756.0,0,5,,,,10,2020-07-20 12:30:00,0
2020-03-05 10:30:00,Flying Coaster,756.0,0,5,390.0,,540.0,15,2020-03-05 12:30:00,0
2022-04-13 11:00:00,Water Ride,247.0,0,20,390.0,,720.0,35,2022-04-13 13:00:00,0
2021-12-05 10:45:00,Water Ride,247.0,0,30,,,,60,2021-12-05 12:45:00,0
2020-01-26 14:00:00,Flying Coaster,756.0,0,35,150.0,,300.0,40,2020-01-26 16:00:00,0
2019-08-07 13:00:00,Flying Coaster,756.0,0,45,270.0,,600.0,30,2019-08-07 15:00:00,0
2020-03-04 11:45:00,Pirate Ship,194.367,0,30,315.0,,465.0,15,2020-03-04 13:45:00,0
2019-01-06 13:15:00,Flying Coaster,756.0,0,15,225.0,-85.0,465.0,25,2019-01-06 15:15:00,0
2020-01-19 14:15:00,Pirate Ship,153.0,0,50,135.0,,285.0,40,2020-01-19 16:15:00,0
2019-07-09 16:30:00,Flying Coaster,724.5,0,45,60.0,,390.0,25,2019-07-09 18:30:00,0
2021-10-24 12:00:00,Flying Coaster,756.0,0,25,,,,35,2021-10-24 14:00:00,0
2020-09-08 14:45:00,Water Ride,202.0,0,10,,,,5,2020-09-08 16:45:00,0
2020-01-29 12:45:00,Water Ride,247.0,0,15,225.0,,345.0,15,2020-01-29 14:45:00,0
2022-02-09 14:30:00,Water Ride,247.0,0,20,,,,25,2022-02-09 16:30:00,0
2021-06-21 13:00:00,Water Ride,224.5,0,15,,,,15,2021-06-21 15:00:00,0
2020-01-12 11:30:00,Water Ride,247.0,0,35,300.0,,450.0,35,2020-01-12 13:30:00,0
2020-07-30 11:15:00,Flying Coaster,756.0,0,5,,,,15,2020-07-30 13:15:00,0
2018-11-24 13:00:00,Water Ride,247.0,0,30,240.0,-70.0,540.0,45,2018-11-24 15:00:00,0
2022-01-09 12:45:00,Pirate Ship,225.25,0,20,,,,40,2022-01-09 14:45:00,0
2021-08-19 14:45:00,Flying Coaster,756.0,0,20,,,,20,2021-08-19 16:45:00,0
2022-05-25 10:30:00,Pirate Ship,153.0,0,40,420.0,,750.0,40,2022-05-25 12:30:00,0
2020-01-04 10:00:00,Flying Coaster,756.0,0,10,420.0,120.0,720.0,40,2020-01-04 12:00:00,0
2022-02-19 13:45:00,Water Ride,247.0,0,40,,,,45,2022-02-19 15:45:00,0
2022-04-24 16:45:00,Flying Coaster,756.0,0,15,45.0,,375.0,10,2022-04-24 18:45:00,0
2021-09-14 15:30:00,Water Ride,161.6,3,15,,,,15,2021-09-14 17:30:00,0
2020-08-10 13:30:00,Flying Coaster,756.0,0,30,,,,40,2020-08-10 15:30:00,0
2018-11-02 14:45:00,Flying Coaster,756.0,0,90,165.0,-155.0,435.0,70,2018-11-02 16:45:00,0
2019-12-28 12:30:00,Water Ride,247.0,0,45,270.0,-30.0,570.0,45,2019-12-28 14:30:00,0
2018-11-12 13:45:00,Water Ride,224.5,0,20,195.0,-115.0,315.0,20,2018-11-12 15:45:00,0
2018-10-11 13:15:00,Water Ride,224.5,0,15,255.0,-65.0,405.0,20,2018-10-11 15:15:00,0
2022-05-16 18:15:00,Pirate Ship,303.167,0,35,-45.0,,285.0,20,2022-05-16 20:15:00,0
2019-06-27 18:00:00,Water Ride,247.0,0,25,-30.0,,300.0,25,2019-06-27 20:00:00,0
2021-08-08 15:00:00,Pirate Ship,280.5,0,30,,,,30,2021-08-08 17:00:00,0
2021-08-15 15:45:00,Pirate Ship,280.5,0,30,,,,30,2021-08-15 17:45:00,0
2021-09-19 17:15:00,Pirate Ship,306.0,0,15,,,,20,2021-09-19 19:15:00,0
2022-04-09 17:15:00,Water Ride,247.0,0,15,15.0,,345.0,25,2022-04-09 19:15:00,0
2018-11-01 16:30:00,Pirate Ship,182.75,0,35,60.0,-260.0,330.0,40,2018-11-01 18:30:00,0
2021-06-17 15:15:00,Pirate Ship,221.0,0,10,,,,15,2021-06-17 17:15:00,0
2019-05-03 09:30:00,Water Ride,247.0,0,5,480.0,,750.0,30,2019-05-03 11:30:00,0
2019-08-24 11:15:00,Water Ride,247.0,0,25,375.0,,705.0,20,2019-08-24 13:15:00,0
2020-03-04 11:45:00,Water Ride,247.0,0,30,315.0,,465.0,25,2020-03-04 13:45:00,0
2019-01-16 10:15:00,Flying Coaster,378.0,0,10,375.0,,495.0,5,2019-01-16 12:15:00,0
2018-12-03 09:30:00,Flying Coaster,100.8,0,5,450.0,140.0,630.0,15,2018-12-03 11:30:00,0
2022-06-26 17:15:00,Pirate Ship,306.0,0,30,15.0,,345.0,25,2022-06-26 19:15:00,0
2022-07-13 16:00:00,Flying Coaster,655.2,2,25,90.0,,420.0,10,2022-07-13 18:00:00,0
2020-09-16 12:45:00,Pirate Ship,119.0,0,5,,,,15,2020-09-16 14:45:00,0
2021-08-10 16:30:00,Water Ride,224.5,0,25,,,,30,2021-08-10 18:30:00,0
2021-11-20 17:00:00,Pirate Ship,301.75,0,25,,,,35,2021-11-20 19:00:00,0
2022-04-21 10:45:00,Flying Coaster,756.0,0,25,405.0,,735.0,45,2022-04-21 12:45:00,0
2019-11-02 13:15:00,Flying Coaster,756.0,0,50,255.0,-45.0,525.0,45,2019-11-02 15:15:00,0
2022-03-01 13:45:00,Water Ride,247.0,0,30,,,,30,2022-03-01 15:45:00,0
2018-11-16 14:45:00,Flying Coaster,756.0,0,30,135.0,-175.0,255.0,15,2018-11-16 16:45:00,0
2021-12-11 18:00:00,Water Ride,247.0,0,50,,,,30,2021-12-11 20:00:00,0
2020-09-02 12:30:00,Flying Coaster,756.0,0,15,,,,5,2020-09-02 14:30:00,0
2019-08-31 15:30:00,Flying Coaster,756.0,0,55,120.0,,450.0,30,2019-08-31 17:30:00,0
2019-01-01 15:15:00,Water Ride,230.533,1,35,105.0,-205.0,405.0,35,2019-01-01 17:15:00,0
2020-10-22 11:30:00,Flying Coaster,756.0,0,30,,,,25,2020-10-22 13:30:00,0
2019-01-05 13:30:00,Flying Coaster,756.0,0,45,210.0,-100.0,510.0,50,2019-01-05 15:30:00,0
2022-08-10 15:00:00,Water Ride,247.0,0,25,150.0,,480.0,25,2022-08-10 17:00:00,0
2019-05-10 12:15:00,Flying Coaster,756.0,0,10,315.0,,615.0,10,2019-05-10 14:15:00,0
2020-09-19 14:30:00,Pirate Ship,238.0,0,40,,,,60,2020-09-19 16:30:00,0
2022-01-04 13:30:00,Flying Coaster,756.0,0,25,,,,20,2022-01-04 15:30:00,0
2022-06-17 10:15:00,Water Ride,247.0,0,30,435.0,,765.0,40,2022-06-17 12:15:00,0
2022-04-24 16:45:00,Pirate Ship,301.75,0,40,45.0,,375.0,25,2022-04-24 18:45:00,0
2020-07-14 13:45:00,Flying Coaster,756.0,0,25,,,,25,2020-07-14 15:45:00,0
2019-09-28 14:15:00,Water Ride,247.0,0,30,195.0,-105.0,465.0,35,2019-09-28 16:15:00,0
2019-05-15 13:45:00,Water Ride,247.0,0,15,225.0,,525.0,15,2019-05-15 15:45:00,0
2020-09-19 10:00:00,Pirate Ship,68.0,0,20,,,,25,2020-09-19 12:00:00,0
2022-04-12 10:30:00,Water Ride,247.0,0,15,420.0,,750.0,35,2022-04-12 12:30:00,0
2019-08-01 15:15:00,Flying Coaster,756.0,0,40,135.0,,465.0,25,2019-08-01 17:15:00,0
2022-02-21 11:30:00,Pirate Ship,153.0,0,45,,,,25,2022-02-21 13:30:00,0
2021-11-06 17:15:00,Pirate Ship,306.0,0,30,,,,20,2021-11-06 19:15:00,0
2022-04-28 17:15:00,Flying Coaster,756.0,0,25,15.0,,345.0,25,2022-04-28 19:15:00,0
2022-08-14 11:30:00,Pirate Ship,272.0,0,30,360.0,,690.0,25,2022-08-14 13:30:00,0
2019-03-11 13:15:00,Flying Coaster,756.0,0,20,225.0,,375.0,30,2019-03-11 15:15:00,0
2020-02-04 14:00:00,Flying Coaster,756.0,0,5,180.0,,300.0,5,2020-02-04 16:00:00,0
2021-12-31 12:15:00,Flying Coaster,756.0,0,30,,,,30,2021-12-31 14:15:00,0
2020-10-13 10:45:00,Flying Coaster,724.5,0,5,,,,5,2020-10-13 12:45:00,0
2020-02-19 12:30:00,Flying Coaster,756.0,0,25,270.0,,450.0,35,2020-02-19 14:30:00,0
2022-03-25 16:45:00,Pirate Ship,229.5,0,35,,,,40,2022-03-25 18:45:00,0
2019-11-12 12:00:00,Water Ride,247.0,0,25,300.0,0.0,420.0,25,2019-11-12 14:00:00,0
2020-09-24 12:45:00,Water Ride,247.0,0,5,,,,5,2020-09-24 14:45:00,0
2019-05-18 13:45:00,Flying Coaster,756.0,0,35,225.0,,555.0,45,2019-05-18 15:45:00,0
2022-08-08 18:00:00,Pirate Ship,306.0,0,55,-30.0,,300.0,25,2022-08-08 20:00:00,0
2022-03-24 15:00:00,Flying Coaster,403.2,7,25,,,,15,2022-03-24 17:00:00,0
2018-10-24 17:15:00,Flying Coaster,756.0,0,30,15.0,-305.0,285.0,20,2018-10-24 19:15:00,0
2021-08-12 12:15:00,Pirate Ship,280.5,0,25,,,,25,2021-08-12 14:15:00,0
2021-10-02 14:15:00,Flying Coaster,756.0,0,30,,,,15,2021-10-02 16:15:00,0
2021-11-02 17:00:00,Pirate Ship,293.533,0,30,,,,25,2021-11-02 19:00:00,0
2018-12-04 14:00:00,Water Ride,247.0,0,25,180.0,-130.0,360.0,25,2018-12-04 16:00:00,0
2022-05-07 15:45:00,Pirate Ship,306.0,0,35,105.0,,435.0,30,2022-05-07 17:45:00,0
2020-08-17 12:45:00,Water Ride,247.0,0,20,,,,15,2020-08-17 14:45:00,0
2021-07-20 12:30:00,Water Ride,247.0,0,20,,,,30,2021-07-20 14:30:00,0
2022-06-13 15:00:00,Water Ride,247.0,0,40,150.0,,480.0,45,2022-06-13 17:00:00,0
2021-08-25 10:30:00,Flying Coaster,630.0,0,10,,,,25,2021-08-25 12:30:00,0
2019-07-09 10:15:00,Water Ride,247.0,0,5,435.0,,765.0,15,2019-07-09 12:15:00,0
2019-10-24 17:00:00,Flying Coaster,756.0,0,45,30.0,-270.0,300.0,25,2019-10-24 19:00:00,0
2021-09-22 12:15:00,Pirate Ship,280.5,0,10,,,,15,2021-09-22 14:15:00,0
2020-09-24 12:45:00,Flying Coaster,756.0,0,5,,,,10,2020-09-24 14:45:00,0
2020-03-12 12:00:00,Water Ride,247.0,0,20,300.0,,450.0,15,2020-03-12 14:00:00,0
2022-05-05 12:45:00,Pirate Ship,297.5,0,40,285.0,,615.0,50,2022-05-05 14:45:00,0
2021-06-27 16:00:00,Flying Coaster,756.0,0,35,,,,15,2021-06-27 18:00:00,0
2020-08-07 10:00:00,Pirate Ship,68.0,0,35,,,,35,2020-08-07 12:00:00,0
2022-06-07 18:45:00,Flying Coaster,756.0,0,30,-75.0,,255.0,10,2022-06-07 20:45:00,0
2019-06-01 11:00:00,Water Ride,247.0,0,30,390.0,,720.0,35,2019-06-01 13:00:00,0
2019-11-14 11:15:00,Water Ride,224.5,0,25,345.0,45.0,465.0,15,2019-11-14 13:15:00,0
2019-04-17 17:15:00,Water Ride,247.0,0,45,15.0,,285.0,20,2019-04-17 19:15:00,0
2019-10-18 10:45:00,Flying Coaster,756.0,0,5,405.0,105.0,555.0,25,2019-10-18 12:45:00,0
2019-08-25 17:45:00,Water Ride,247.0,0,15,-15.0,,315.0,30,2019-08-25 19:45:00,0
2019-06-06 12:15:00,Water Ride,247.0,0,30,315.0,,645.0,30,2019-06-06 14:15:00,0
2021-07-13 11:15:00,Pirate Ship,182.75,0,25,,,,15,2021-07-13 13:15:00,0
2018-11-11 10:15:00,Water Ride,224.5,0,15,405.0,95.0,645.0,30,2018-11-11 12:15:00,0
2020-01-18 10:00:00,Flying Coaster,724.5,0,5,390.0,,600.0,40,2020-01-18 12:00:00,0
2021-08-08 15:00:00,Water Ride,247.0,0,30,,,,35,2021-08-08 17:00:00,0
2022-06-26 09:45:00,Water Ride,247.0,0,15,465.0,,795.0,35,2022-06-26 11:45:00,0
2022-06-18 11:15:00,Pirate Ship,209.1,0,40,375.0,,705.0,35,2022-06-18 13:15:00,0
2021-07-16 13:00:00,Pirate Ship,277.95,0,20,,,,35,2021-07-16 15:00:00,0
2021-11-02 10:30:00,Flying Coaster,756.0,0,5,,,,50,2021-11-02 12:30:00,0
2019-07-29 16:15:00,Water Ride,247.0,0,40,75.0,,405.0,20,2019-07-29 18:15:00,0
2019-06-23 12:00:00,Flying Coaster,756.0,0,45,330.0,,660.0,40,2019-06-23 14:00:00,0
2022-03-05 14:15:00,Water Ride,247.0,0,25,,,,30,2022-03-05 16:15:00,0
2020-02-23 10:15:00,Pirate Ship,76.5,0,70,405.0,,585.0,30,2020-02-23 12:15:00,0
2021-08-16 17:15:00,Water Ride,247.0,0,40,,,,30,2021-08-16 19:15:00,0
2019-05-01 17:00:00,Flying Coaster,756.0,0,35,30.0,,300.0,15,2019-05-01 19:00:00,0
2019-12-23 16:30:00,Pirate Ship,274.833,0,50,30.0,-270.0,330.0,50,2019-12-23 18:30:00,0
2022-04-18 18:00:00,Flying Coaster,756.0,0,10,-30.0,,300.0,5,2022-04-18 20:00:00,0
2021-10-06 14:15:00,Water Ride,134.7,6,10,,,,15,2021-10-06 16:15:00,0
2022-03-08 13:15:00,Pirate Ship,229.5,0,20,,,,20,2022-03-08 15:15:00,0
2021-09-26 12:30:00,Pirate Ship,299.2,0,30,,,,35,2021-09-26 14:30:00,0
2022-04-13 11:00:00,Flying Coaster,756.0,0,20,390.0,,720.0,25,2022-04-13 13:00:00,0
2021-10-09 13:30:00,Water Ride,197.6,3,30,,,,40,2021-10-09 15:30:00,0
2021-10-06 14:15:00,Pirate Ship,208.533,0,20,,,,15,2021-10-06 16:15:00,0
2019-06-21 17:00:00,Water Ride,247.0,0,25,30.0,,360.0,25,2019-06-21 19:00:00,0
2018-11-17 12:15:00,Flying Coaster,756.0,0,45,-15.0,255.0,585.0,40,2018-11-17 14:15:00,0
2019-03-07 15:00:00,Flying Coaster,756.0,0,40,120.0,,270.0,30,2019-03-07 17:00:00,0
2021-08-02 14:00:00,Flying Coaster,756.0,0,5,,,,15,2021-08-02 16:00:00,0
2022-05-09 13:15:00,Water Ride,247.0,0,30,255.0,,585.0,30,2022-05-09 15:15:00,0
2021-08-17 14:45:00,Water Ride,247.0,0,25,,,,30,2021-08-17 16:45:00,0
2022-05-16 18:15:00,Flying Coaster,756.0,0,15,-45.0,,285.0,5,2022-05-16 20:15:00,0
2022-05-13 11:00:00,Flying Coaster,756.0,0,10,390.0,,720.0,35,2022-05-13 13:00:00,0
2022-06-16 18:15:00,Flying Coaster,756.0,0,25,-45.0,,285.0,5,2022-06-16 20:15:00,0
2022-03-05 14:15:00,Pirate Ship,306.0,0,35,,,,30,2022-03-05 16:15:00,0
2021-12-13 14:00:00,Flying Coaster,756.0,0,35,,,,30,2021-12-13 16:00:00,0
2018-12-30 10:30:00,Flying Coaster,756.0,0,25,390.0,80.0,690.0,40,2018-12-30 12:30:00,0
2018-10-19 12:15:00,Flying Coaster,151.2,12,5,315.0,-5.0,465.0,35,2018-10-19 14:15:00,0
2020-09-12 15:15:00,Pirate Ship,263.5,0,45,,,,35,2020-09-12 17:15:00,0
2019-04-13 16:00:00,Water Ride,247.0,0,35,90.0,,360.0,30,2019-04-13 18:00:00,0
2022-04-14 10:45:00,Pirate Ship,153.0,0,45,405.0,,735.0,55,2022-04-14 12:45:00,0
2018-10-23 17:00:00,Pirate Ship,242.25,0,50,30.0,-290.0,300.0,50,2018-10-23 19:00:00,0
2022-05-24 14:15:00,Water Ride,247.0,0,45,195.0,,525.0,45,2022-05-24 16:15:00,0
2022-03-03 15:45:00,Flying Coaster,756.0,0,40,,,,5,2022-03-03 17:45:00,0
2019-08-02 12:15:00,Flying Coaster,756.0,0,15,315.0,,645.0,25,2019-08-02 14:15:00,0
2019-08-17 10:15:00,Water Ride,247.0,0,15,435.0,,765.0,40,2019-08-17 12:15:00,0
2018-12-22 13:45:00,Flying Coaster,756.0,0,45,195.0,-115.0,495.0,50,2018-12-22 15:45:00,0
2022-05-25 15:45:00,Water Ride,197.683,0,55,105.0,,435.0,40,2022-05-25 17:45:00,0
2021-10-24 12:00:00,Pirate Ship,306.0,0,35,,,,25,2021-10-24 14:00:00,0
2022-07-14 12:30:00,Flying Coaster,756.0,0,15,300.0,,630.0,30,2022-07-14 14:30:00,0
2018-10-10 14:15:00,Water Ride,224.5,0,20,195.0,-125.0,345.0,15,2018-10-10 16:15:00,0
2018-11-17 12:15:00,Water Ride,247.0,0,40,-15.0,255.0,585.0,35,2018-11-17 14:15:00,0
2022-07-02 15:30:00,Pirate Ship,306.0,0,35,120.0,,450.0,15,2022-07-02 17:30:00,0
2021-08-17 14:45:00,Pirate Ship,276.25,0,30,,,,35,2021-08-17 16:45:00,0
2022-08-07 14:00:00,Water Ride,247.0,0,30,210.0,,540.0,30,2022-08-07 16:00:00,0
2021-11-29 11:45:00,Pirate Ship,153.0,0,25,,,,25,2021-11-29 13:45:00,0
2019-06-28 18:45:00,Flying Coaster,756.0,0,10,-75.0,,255.0,5,2019-06-28 20:45:00,0
2021-10-21 13:00:00,Water Ride,247.0,0,25,,,,25,2021-10-21 15:00:00,0
2022-03-10 15:30:00,Pirate Ship,212.5,0,30,,,,30,2022-03-10 17:30:00,0
2020-10-28 10:45:00,Pirate Ship,153.0,0,45,,,,15,2020-10-28 12:45:00,0
2021-11-28 17:00:00,Flying Coaster,756.0,0,40,,,,5,2021-11-28 19:00:00,0
2018-10-08 11:15:00,Pirate Ship,263.5,0,20,375.0,55.0,525.0,15,2018-10-08 13:15:00,0
2020-02-12 12:15:00,Flying Coaster,756.0,0,15,285.0,,405.0,10,2020-02-12 14:15:00,0
2022-05-11 15:45:00,Pirate Ship,225.25,0,50,105.0,,435.0,40,2022-05-11 17:45:00,0
2019-06-02 16:45:00,Water Ride,247.0,0,30,45.0,,375.0,20,2019-06-02 18:45:00,0
2021-07-18 16:30:00,Flying Coaster,756.0,0,25,,,,5,2021-07-18 18:30:00,0
2022-07-25 13:45:00,Pirate Ship,306.0,0,40,225.0,,555.0,25,2022-07-25 15:45:00,0
2021-12-14 13:45:00,Water Ride,247.0,0,25,,,,40,2021-12-14 15:45:00,0
2022-01-15 17:15:00,Water Ride,247.0,0,25,,,,25,2022-01-15 19:15:00,0
2022-04-17 12:45:00,Pirate Ship,306.0,0,50,285.0,,615.0,40,2022-04-17 14:45:00,0
2022-01-22 11:45:00,Pirate Ship,306.0,0,40,,,,20,2022-01-22 13:45:00,0
2019-12-22 15:30:00,Flying Coaster,756.0,0,30,90.0,-210.0,390.0,30,2019-12-22 17:30:00,0
2019-03-05 14:30:00,Water Ride,164.667,5,15,150.0,,300.0,30,2019-03-05 16:30:00,0
2022-03-20 09:30:00,Flying Coaster,630.0,0,5,,,,40,2022-03-20 11:30:00,0
2021-08-03 16:15:00,Water Ride,247.0,0,35,,,,35,2021-08-03 18:15:00,0
2021-06-15 13:30:00,Flying Coaster,732.9,0,30,,,,30,2021-06-15 15:30:00,0
2022-04-26 17:00:00,Flying Coaster,756.0,0,30,30.0,,360.0,15,2022-04-26 19:00:00,0
2019-02-23 09:30:00,Flying Coaster,50.4,0,0,450.0,,630.0,35,2019-02-23 11:30:00,0
2022-07-01 12:30:00,Pirate Ship,293.25,0,35,300.0,,630.0,20,2022-07-01 14:30:00,0
2018-10-30 13:00:00,Flying Coaster,756.0,0,25,270.0,-50.0,540.0,30,2018-10-30 15:00:00,0
2019-11-24 15:30:00,Water Ride,247.0,0,35,90.0,-210.0,330.0,30,2019-11-24 17:30:00,0
2022-03-31 11:00:00,Flying Coaster,756.0,0,5,,,,5,2022-03-31 13:00:00,0
2022-03-13 16:45:00,Pirate Ship,229.5,0,10,,,,5,2022-03-13 18:45:00,0
2020-07-20 10:30:00,Pirate Ship,136.0,0,15,,,,25,2020-07-20 12:30:00,0
2022-04-26 17:00:00,Pirate Ship,285.6,0,50,30.0,,360.0,40,2022-04-26 19:00:00,0
2022-05-03 13:30:00,Pirate Ship,293.25,0,40,240.0,,570.0,40,2022-05-03 15:30:00,0
2021-09-09 10:30:00,Flying Coaster,722.4,0,5,,,,10,2021-09-09 12:30:00,0
2021-07-23 10:15:00,Water Ride,247.0,0,5,,,,15,2021-07-23 12:15:00,0
2019-01-05 09:00:00,Flying Coaster,378.0,0,5,480.0,170.0,780.0,45,2019-01-05 11:00:00,0
2020-07-19 13:00:00,Pirate Ship,238.0,0,10,,,,20,2020-07-19 15:00:00,0
2019-04-09 17:15:00,Flying Coaster,756.0,0,25,15.0,,285.0,15,2019-04-09 19:15:00,0
2019-03-11 13:15:00,Water Ride,247.0,0,25,225.0,,375.0,25,2019-03-11 15:15:00,0
2022-04-22 11:45:00,Water Ride,247.0,0,45,345.0,,675.0,40,2022-04-22 13:45:00,0
2022-02-06 12:30:00,Pirate Ship,153.0,0,10,,,,20,2022-02-06 14:30:00,0
2022-06-22 18:15:00,Pirate Ship,301.75,0,35,-45.0,,285.0,40,2022-06-22 20:15:00,0
2022-02-03 13:45:00,Pirate Ship,153.0,0,15,,,,15,2022-02-03 15:45:00,0
2019-04-23 17:00:00,Water Ride,247.0,0,45,30.0,,300.0,40,2019-04-23 19:00:00,0
2022-05-06 18:15:00,Pirate Ship,301.75,0,45,-45.0,,285.0,45,2022-05-06 20:15:00,0
2019-12-21 12:00:00,Water Ride,247.0,0,35,300.0,0.0,600.0,20,2019-12-21 14:00:00,0
2021-12-31 12:15:00,Pirate Ship,306.0,0,40,,,,50,2021-12-31 14:15:00,0
2021-10-18 14:00:00,Water Ride,247.0,0,20,,,,25,2021-10-18 16:00:00,0
2022-04-18 18:00:00,Water Ride,247.0,0,35,-30.0,,300.0,25,2022-04-18 20:00:00,0
2021-07-17 13:30:00,Pirate Ship,276.25,0,25,,,,30,2021-07-17 15:30:00,0
2020-01-11 15:45:00,Water Ride,247.0,0,25,45.0,,255.0,25,2020-01-11 17:45:00,0
2021-10-10 13:00:00,Pirate Ship,300.9,0,30,,,,25,2021-10-10 15:00:00,0
2019-01-30 10:45:00,Water Ride,247.0,0,10,345.0,,465.0,10,2019-01-30 12:45:00,0
2018-11-01 11:00:00,Pirate Ship,133.45,0,30,390.0,70.0,660.0,30,2018-11-01 13:00:00,0
2018-12-19 13:00:00,Flying Coaster,756.0,0,15,180.0,-130.0,300.0,25,2018-12-19 15:00:00,0
2019-03-24 12:00:00,Water Ride,247.0,0,60,330.0,,480.0,35,2019-03-24 14:00:00,0
2020-09-03 14:15:00,Pirate Ship,136.0,0,15,,,,10,2020-09-03 16:15:00,0
2019-11-02 13:15:00,Water Ride,247.0,0,40,255.0,-45.0,525.0,40,2019-11-02 15:15:00,0
2019-10-14 11:15:00,Flying Coaster,756.0,0,15,375.0,75.0,525.0,35,2019-10-14 13:15:00,0
2020-10-08 11:45:00,Pirate Ship,51.0,0,10,,,,15,2020-10-08 13:45:00,0
2020-07-20 14:30:00,Flying Coaster,756.0,0,15,,,,10,2020-07-20 16:30:00,0
2021-12-11 18:00:00,Pirate Ship,306.0,0,10,,,,10,2021-12-11 20:00:00,0
2018-10-08 11:15:00,Flying Coaster,756.0,0,10,375.0,55.0,525.0,20,2018-10-08 13:15:00,0
2019-10-23 13:30:00,Water Ride,247.0,0,35,240.0,-60.0,510.0,35,2019-10-23 15:30:00,0
2022-04-04 13:00:00,Flying Coaster,756.0,0,20,270.0,,600.0,35,2022-04-04 15:00:00,0
2022-05-31 17:30:00,Flying Coaster,756.0,0,15,0.0,,330.0,15,2022-05-31 19:30:00,0
2020-01-21 10:45:00,Water Ride,247.0,0,15,345.0,,465.0,15,2020-01-21 12:45:00,0
2021-07-23 14:15:00,Pirate Ship,280.5,0,20,,,,25,2021-07-23 16:15:00,0
2021-11-15 12:30:00,Flying Coaster,756.0,0,15,,,,15,2021-11-15 14:30:00,0
2020-01-01 09:45:00,Flying Coaster,327.6,0,5,435.0,135.0,735.0,10,2020-01-01 11:45:00,0
2021-08-15 15:45:00,Flying Coaster,756.0,0,15,,,,5,2021-08-15 17:45:00,0
2022-08-13 16:45:00,Water Ride,247.0,0,25,45.0,,375.0,30,2022-08-13 18:45:00,0
2022-06-06 11:15:00,Water Ride,247.0,0,30,375.0,,705.0,30,2022-06-06 13:15:00,0
2020-02-21 16:00:00,Flying Coaster,756.0,0,50,60.0,,240.0,40,2020-02-21 18:00:00,0
2020-07-16 15:45:00,Water Ride,247.0,0,20,,,,10,2020-07-16 17:45:00,0
2019-11-11 14:15:00,Water Ride,247.0,0,40,165.0,-135.0,285.0,30,2019-11-11 16:15:00,0
2019-11-17 14:00:00,Flying Coaster,756.0,0,25,180.0,-120.0,420.0,25,2019-11-17 16:00:00,0
2022-01-19 12:30:00,Pirate Ship,153.0,0,20,,,,15,2022-01-19 14:30:00,0
2022-02-24 10:15:00,Pirate Ship,153.0,0,35,,,,40,2022-02-24 12:15:00,0
2019-08-22 12:15:00,Water Ride,247.0,0,30,315.0,,645.0,40,2019-08-22 14:15:00,0
2022-04-13 11:00:00,Pirate Ship,153.0,0,40,390.0,,720.0,70,2022-04-13 13:00:00,0
2022-05-09 13:15:00,Pirate Ship,306.0,0,35,255.0,,585.0,35,2022-05-09 15:15:00,0
2022-08-12 15:45:00,Pirate Ship,272.0,0,30,105.0,,435.0,25,2022-08-12 17:45:00,0
2018-10-23 09:15:00,Water Ride,107.733,0,5,495.0,175.0,765.0,45,2018-10-23 11:15:00,0
2019-12-21 12:00:00,Pirate Ship,280.5,0,30,300.0,0.0,600.0,35,2019-12-21 14:00:00,0
2018-12-09 11:45:00,Water Ride,247.0,0,35,315.0,5.0,555.0,25,2018-12-09 13:45:00,0
2020-03-09 13:30:00,Flying Coaster,756.0,0,30,210.0,,360.0,25,2020-03-09 15:30:00,0
2020-09-19 14:30:00,Water Ride,224.5,0,30,,,,30,2020-09-19 16:30:00,0
2019-11-15 13:45:00,Water Ride,247.0,0,15,195.0,-105.0,315.0,15,2019-11-15 15:45:00,0
2021-12-06 11:45:00,Pirate Ship,153.0,0,40,,,,45,2021-12-06 13:45:00,0
2020-08-26 12:45:00,Flying Coaster,756.0,0,15,,,,25,2020-08-26 14:45:00,0
2021-09-11 13:15:00,Pirate Ship,284.75,0,30,,,,45,2021-09-11 15:15:00,0
2020-01-03 16:30:00,Pirate Ship,278.8,0,35,30.0,-270.0,330.0,45,2020-01-03 18:30:00,0
2018-12-30 15:30:00,Water Ride,247.0,0,40,90.0,-220.0,390.0,25,2018-12-30 17:30:00,0
2021-06-26 10:45:00,Flying Coaster,756.0,0,20,,,,35,2021-06-26 12:45:00,0
2022-05-10 18:30:00,Flying Coaster,756.0,0,10,-60.0,,270.0,5,2022-05-10 20:30:00,0
2019-12-23 16:30:00,Water Ride,247.0,0,25,30.0,-270.0,330.0,30,2019-12-23 18:30:00,0
2019-04-26 17:00:00,Flying Coaster,756.0,0,35,30.0,,300.0,45,2019-04-26 19:00:00,0
2019-04-18 13:30:00,Flying Coaster,756.0,0,60,240.0,,510.0,60,2019-04-18 15:30:00,0
2022-04-19 12:15:00,Flying Coaster,756.0,0,45,315.0,,645.0,40,2022-04-19 14:15:00,0
2022-08-04 18:45:00,Pirate Ship,176.8,0,20,-75.0,,255.0,50,2022-08-04 20:45:00,0
2019-01-08 10:00:00,Water Ride,247.0,0,5,390.0,,480.0,15,2019-01-08 12:00:00,0
2020-02-21 16:00:00,Pirate Ship,280.217,0,70,60.0,,240.0,55,2020-02-21 18:00:00,0
2021-06-29 14:30:00,Water Ride,247.0,0,15,,,,15,2021-06-29 16:30:00,0
2019-10-30 17:00:00,Water Ride,247.0,0,50,30.0,-270.0,300.0,40,2019-10-30 19:00:00,0
2019-06-11 09:30:00,Water Ride,247.0,0,10,480.0,,810.0,25,2019-06-11 11:30:00,0
2019-01-30 10:45:00,Flying Coaster,756.0,0,5,345.0,,465.0,5,2019-01-30 12:45:00,0
2020-08-04 16:15:00,Flying Coaster,756.0,0,45,,,,35,2020-08-04 18:15:00,0
2020-01-15 12:00:00,Water Ride,247.0,0,15,270.0,,390.0,15,2020-01-15 14:00:00,0
2020-09-20 13:30:00,Flying Coaster,756.0,0,25,,,,35,2020-09-20 15:30:00,0
2021-12-18 11:45:00,Pirate Ship,306.0,0,35,,,,35,2021-12-18 13:45:00,0
2019-10-11 11:15:00,Water Ride,224.5,0,20,375.0,75.0,525.0,20,2019-10-11 13:15:00,0
2021-12-08 11:45:00,Water Ride,247.0,0,30,,,,45,2021-12-08 13:45:00,0
2019-11-03 09:30:00,Flying Coaster,102.9,0,5,480.0,180.0,690.0,10,2019-11-03 11:30:00,0
2019-02-05 15:00:00,Flying Coaster,756.0,0,10,120.0,,240.0,5,2019-02-05 17:00:00,0
2022-04-23 16:00:00,Flying Coaster,756.0,0,45,90.0,,420.0,10,2022-04-23 18:00:00,0
2021-06-25 12:15:00,Pirate Ship,276.25,0,15,,,,15,2021-06-25 14:15:00,0
2022-04-03 12:30:00,Pirate Ship,153.0,0,35,300.0,,630.0,40,2022-04-03 14:30:00,0
2018-12-23 15:45:00,Water Ride,247.0,0,30,75.0,-235.0,375.0,20,2018-12-23 17:45:00,0
2021-11-14 12:15:00,Flying Coaster,756.0,0,15,,,,20,2021-11-14 14:15:00,0
2022-04-06 14:15:00,Flying Coaster,756.0,0,15,195.0,,525.0,15,2022-04-06 16:15:00,0
2018-11-05 12:00:00,Flying Coaster,756.0,0,5,330.0,,420.0,5,2018-11-05 14:00:00,0
2022-03-09 11:00:00,Pirate Ship,153.0,0,40,,,,40,2022-03-09 13:00:00,0
2020-01-14 11:15:00,Flying Coaster,756.0,0,5,315.0,,435.0,5,2020-01-14 13:15:00,0
2022-03-25 16:45:00,Water Ride,247.0,0,35,,,,40,2022-03-25 18:45:00,0
2022-01-01 13:15:00,Pirate Ship,306.0,0,40,,,,40,2022-01-01 15:15:00,0
2019-10-06 11:00:00,Flying Coaster,756.0,0,5,390.0,90.0,600.0,15,2019-10-06 13:00:00,0
2018-11-04 14:45:00,Pirate Ship,246.5,0,30,165.0,-155.0,375.0,30,2018-11-04 16:45:00,0
2021-12-25 15:45:00,Flying Coaster,756.0,0,30,,,,30,2021-12-25 17:45:00,0
2019-04-07 13:15:00,Flying Coaster,756.0,0,30,255.0,,525.0,30,2019-04-07 15:15:00,0
2019-08-27 11:15:00,Flying Coaster,756.0,0,10,375.0,,705.0,30,2019-08-27 13:15:00,0
2021-08-20 16:00:00,Pirate Ship,280.5,0,35,,,,25,2021-08-20 18:00:00,0
2019-08-07 13:00:00,Water Ride,224.5,0,35,270.0,,600.0,20,2019-08-07 15:00:00,0
2020-08-14 12:15:00,Pirate Ship,153.0,0,40,,,,35,2020-08-14 14:15:00,0
2021-06-18 12:30:00,Pirate Ship,215.333,0,10,,,,15,2021-06-18 14:30:00,0
2019-08-17 16:45:00,Water Ride,224.5,0,30,45.0,,375.0,30,2019-08-17 18:45:00,0
2020-07-25 12:15:00,Pirate Ship,178.5,0,25,,,,45,2020-07-25 14:15:00,0
2020-02-22 11:30:00,Flying Coaster,756.0,0,45,330.0,,570.0,50,2020-02-22 13:30:00,0
2019-12-26 12:30:00,Pirate Ship,276.25,0,20,270.0,-30.0,570.0,40,2019-12-26 14:30:00,0
2022-06-01 10:15:00,Water Ride,247.0,0,20,435.0,,765.0,25,2022-06-01 12:15:00,0
2022-03-21 14:45:00,Water Ride,179.75,0,45,,,,40,2022-03-21 16:45:00,0
2021-06-22 13:15:00,Flying Coaster,756.0,0,25,,,,25,2021-06-22 15:15:00,0
2019-02-25 14:00:00,Water Ride,224.5,0,20,180.0,,330.0,30,2019-02-25 16:00:00,0
2019-12-27 12:30:00,Pirate Ship,280.5,0,45,270.0,-30.0,570.0,50,2019-12-27 14:30:00,0
2019-06-12 15:30:00,Water Ride,247.0,0,30,120.0,,450.0,15,2019-06-12 17:30:00,0
2022-02-06 12:30:00,Flying Coaster,756.0,0,15,,,,35,2022-02-06 14:30:00,0
2019-10-30 11:45:00,Water Ride,247.0,0,45,345.0,45.0,615.0,30,2019-10-30 13:45:00,0
2019-06-15 13:45:00,Water Ride,247.0,0,35,225.0,,555.0,40,2019-06-15 15:45:00,0
2021-09-28 10:15:00,Flying Coaster,630.0,0,5,,,,5,2021-09-28 12:15:00,0
2019-03-27 11:00:00,Water Ride,247.0,0,15,390.0,,540.0,20,2019-03-27 13:00:00,0
2022-05-23 15:15:00,Water Ride,247.0,0,60,135.0,,465.0,25,2022-05-23 17:15:00,0
2018-11-14 12:30:00,Water Ride,16.4667,14,25,270.0,-40.0,390.0,25,2018-11-14 14:30:00,0
2022-01-09 12:45:00,Flying Coaster,756.0,0,25,,,,15,2022-01-09 14:45:00,0
2019-03-21 15:00:00,Flying Coaster,756.0,0,25,150.0,,300.0,30,2019-03-21 17:00:00,0
2019-03-13 12:30:00,Flying Coaster,756.0,0,5,270.0,,420.0,10,2019-03-13 14:30:00,0
2022-04-21 18:00:00,Water Ride,247.0,0,50,-30.0,,300.0,40,2022-04-21 20:00:00,0
2022-04-08 12:00:00,Water Ride,247.0,0,30,330.0,,660.0,35,2022-04-08 14:00:00,0
2020-09-06 11:45:00,Water Ride,247.0,0,15,,,,10,2020-09-06 13:45:00,0
2022-01-20 16:00:00,Water Ride,247.0,0,15,,,,5,2022-01-20 18:00:00,0
2021-08-11 13:30:00,Flying Coaster,756.0,0,25,,,,30,2021-08-11 15:30:00,0
2020-03-03 13:00:00,Pirate Ship,276.25,0,35,240.0,,390.0,25,2020-03-03 15:00:00,0
2020-10-12 12:15:00,Pirate Ship,135.433,0,10,,,,15,2020-10-12 14:15:00,0
2022-01-22 18:45:00,Pirate Ship,153.0,0,35,,,,25,2022-01-22 20:45:00,0
2019-03-25 14:00:00,Flying Coaster,756.0,0,50,210.0,,360.0,30,2019-03-25 16:00:00,0
2021-12-07 15:30:00,Flying Coaster,756.0,0,15,,,,10,2021-12-07 17:30:00,0
2022-05-23 09:15:00,Water Ride,230.533,0,5,495.0,,825.0,45,2022-05-23 11:15:00,0
2020-01-22 11:15:00,Flying Coaster,756.0,0,15,315.0,,435.0,5,2020-01-22 13:15:00,0
2019-03-25 14:00:00,Water Ride,247.0,0,30,210.0,,360.0,30,2019-03-25 16:00:00,0
2022-08-06 17:45:00,Water Ride,16.4667,14,20,-15.0,,315.0,20,2022-08-06 19:45:00,0
2022-03-10 15:30:00,Flying Coaster,756.0,0,15,,,,10,2022-03-10 17:30:00,0
2021-11-29 11:45:00,Flying Coaster,756.0,0,20,,,,25,2021-11-29 13:45:00,0
2019-05-10 17:45:00,Flying Coaster,378.0,0,5,-15.0,,285.0,5,2019-05-10 19:45:00,0
2018-12-28 10:00:00,Water Ride,247.0,0,15,420.0,110.0,720.0,55,2018-12-28 12:00:00,0
2020-01-08 13:30:00,Flying Coaster,756.0,0,10,180.0,,270.0,10,2020-01-08 15:30:00,0
2019-04-03 17:15:00,Flying Coaster,756.0,0,5,15.0,,285.0,5,2019-04-03 19:15:00,0
2022-04-11 14:00:00,Flying Coaster,756.0,0,50,210.0,,540.0,40,2022-04-11 16:00:00,0
2022-05-26 15:30:00,Pirate Ship,306.0,0,45,120.0,,450.0,10,2022-05-26 17:30:00,0
2018-12-29 09:00:00,Flying Coaster,378.0,0,5,480.0,170.0,780.0,45,2018-12-29 11:00:00,0
2021-08-26 17:00:00,Pirate Ship,306.0,0,30,,,,35,2021-08-26 19:00:00,0
2019-05-06 10:45:00,Water Ride,247.0,0,15,405.0,,705.0,15,2019-05-06 12:45:00,0
2022-04-06 10:15:00,Water Ride,247.0,0,5,435.0,,765.0,30,2022-04-06 12:15:00,0
2022-06-01 10:15:00,Pirate Ship,289.0,0,35,435.0,,765.0,45,2022-06-01 12:15:00,0
2019-03-23 10:00:00,Flying Coaster,100.8,12,5,450.0,,600.0,60,2019-03-23 12:00:00,0
2022-01-03 11:45:00,Pirate Ship,153.0,0,55,,,,45,2022-01-03 13:45:00,0
2019-03-12 12:15:00,Water Ride,247.0,0,20,285.0,,435.0,25,2019-03-12 14:15:00,0
2022-04-09 17:15:00,Flying Coaster,756.0,0,5,15.0,,345.0,5,2022-04-09 19:15:00,0
2020-08-16 13:45:00,Flying Coaster,756.0,0,10,,,,5,2020-08-16 15:45:00,0
2022-07-02 15:30:00,Water Ride,247.0,0,30,120.0,,450.0,20,2022-07-02 17:30:00,0
2021-12-22 17:00:00,Flying Coaster,756.0,0,35,,,,5,2021-12-22 19:00:00,0
2022-04-11 14:00:00,Water Ride,247.0,0,40,210.0,,540.0,45,2022-04-11 16:00:00,0
2022-01-09 12:45:00,Water Ride,247.0,0,45,,,,45,2022-01-09 14:45:00,0
2021-10-21 09:00:00,Water Ride,247.0,0,5,,,,20,2021-10-21 11:00:00,0
2022-03-29 12:30:00,Pirate Ship,148.75,0,40,,,,35,2022-03-29 14:30:00,0
2020-08-02 12:00:00,Water Ride,224.5,0,20,,,,30,2020-08-02 14:00:00,0
2019-09-28 14:15:00,Flying Coaster,756.0,0,55,195.0,-105.0,465.0,50,2019-09-28 16:15:00,0
2022-07-17 12:30:00,Pirate Ship,272.0,0,15,300.0,,630.0,20,2022-07-17 14:30:00,0
2019-06-25 18:30:00,Flying Coaster,724.5,0,20,-60.0,,270.0,15,2019-06-25 20:30:00,0
2021-11-20 17:00:00,Water Ride,247.0,0,60,,,,25,2021-11-20 19:00:00,0
2020-03-07 16:30:00,Pirate Ship,280.5,0,35,30.0,,270.0,45,2020-03-07 18:30:00,0
2022-05-23 09:15:00,Flying Coaster,588.0,0,5,495.0,,825.0,25,2022-05-23 11:15:00,0
2022-07-14 12:30:00,Pirate Ship,271.15,0,20,300.0,,630.0,55,2022-07-14 14:30:00,0
2021-08-24 10:00:00,Pirate Ship,255.0,0,30,,,,30,2021-08-24 12:00:00,0
2019-12-01 09:45:00,Flying Coaster,302.4,6,5,435.0,135.0,675.0,15,2019-12-01 11:45:00,0
2021-11-02 10:30:00,Water Ride,247.0,0,25,,,,35,2021-11-02 12:30:00,0
2022-05-28 10:30:00,Water Ride,247.0,0,35,420.0,,750.0,35,2022-05-28 12:30:00,0
2019-05-17 16:45:00,Water Ride,247.0,0,20,45.0,,345.0,15,2019-05-17 18:45:00,0
2021-07-13 11:15:00,Flying Coaster,756.0,0,20,,,,35,2021-07-13 13:15:00,0
2019-12-15 10:15:00,Pirate Ship,168.017,0,45,405.0,105.0,645.0,35,2019-12-15 12:15:00,0
2021-12-04 15:30:00,Flying Coaster,756.0,0,40,,,,35,2021-12-04 17:30:00,0
2021-10-27 17:00:00,Water Ride,247.0,0,35,,,,30,2021-10-27 19:00:00,0
2022-06-25 15:15:00,Pirate Ship,306.0,0,35,135.0,,465.0,25,2022-06-25 17:15:00,0
2018-10-08 15:30:00,Flying Coaster,756.0,0,15,120.0,-200.0,270.0,10,2018-10-08 17:30:00,0
2018-10-30 13:00:00,Pirate Ship,147.05,0,25,270.0,-50.0,540.0,20,2018-10-30 15:00:00,0
2020-08-10 13:30:00,Water Ride,247.0,0,20,,,,15,2020-08-10 15:30:00,0
2022-01-27 12:00:00,Water Ride,247.0,0,15,,,,5,2022-01-27 14:00:00,0
2022-02-28 13:15:00,Flying Coaster,756.0,0,35,,,,35,2022-02-28 15:15:00,0
2021-08-10 16:30:00,Flying Coaster,756.0,0,25,,,,10,2021-08-10 18:30:00,0
2021-11-03 12:45:00,Flying Coaster,756.0,0,30,,,,40,2021-11-03 14:45:00,0
2021-07-21 14:15:00,Flying Coaster,756.0,0,10,,,,5,2021-07-21 16:15:00,0
2021-10-26 13:00:00,Flying Coaster,756.0,0,35,,,,45,2021-10-26 15:00:00,0
2019-09-04 14:45:00,Flying Coaster,756.0,0,25,165.0,,375.0,20,2019-09-04 16:45:00,0
2020-09-19 14:30:00,Flying Coaster,756.0,0,40,,,,40,2020-09-19 16:30:00,0
2021-06-27 16:00:00,Water Ride,247.0,0,15,,,,15,2021-06-27 18:00:00,0
2019-07-27 14:00:00,Flying Coaster,756.0,0,25,210.0,,540.0,20,2019-07-27 16:00:00,0
2019-11-30 10:00:00,Water Ride,131.733,7,15,420.0,120.0,720.0,30,2019-11-30 12:00:00,0
2018-10-14 14:30:00,Pirate Ship,280.5,0,25,180.0,-140.0,390.0,20,2018-10-14 16:30:00,0
2019-01-16 10:15:00,Water Ride,247.0,0,5,375.0,,495.0,15,2019-01-16 12:15:00,0
2020-03-13 15:00:00,Pirate Ship,216.75,0,25,120.0,,270.0,15,2020-03-13 17:00:00,0
